,sizeLoansUSD,sizeCollateralUSD,sizeReimbursementsUSD,numLoansUser,maximumDebt,atTimeMaximumDebtCollateralProvided,numReimbursementsUser,ratioCollateralToLoans,averageOfDailyCollateralToDebt,numTransactionsUser,timeStampFirstAnyTransactionAccount,borrowerAgeInYears,loan_repay_percentage,label,numLoans,firstLoanTimestamp,lastLoanTimestamp,numReimbursements,firstReimbursementTimestamp,lastReimbursementTimestamp,numSupplyCollateral,firstSupplyCollateralTimestamp,lastSupplyCollateralTimestamp,numWithdrawCollateral,firstWithdrawCollateralTimestamp,lastWithdrawCollateralTimestamp
0,1001.763582250903,4502.840993414338,1003.5256054615406,1,1001.763582250903,4502.840993414338,1,4.494913843141236,4.650457511008453,3,1590606218.0,-49.89008647260274,1.0,3,1,1669465475,1669465475,1,1673663399,1673663399,1,1669463699,1669463699,0,0,0
1,0.0,0.0,0.0,0,0.0,0.0,0,0.0,1.0,0,1672470455.0,-52.48598439878234,0.0,0,0,0,0,0,0,0,0,0,0,0,0,0
2,32403.297298005982,39835.71608629692,3567.8029966627164,21,28983.52815021906,35946.132720279405,6,1.2293722987490012,1.3210758568371441,37,1673843351.0,-52.52951864535768,1.0,3,21,1673844023,1674457067,6,1673845979,1674457379,22,1673843639,1674457199,3,1674269015,1674269315
3,5465.049667090758,3856.9400487221346,1320.7162121385143,7,4359.426873440144,5255.831355914477,6,0.7057465684068197,1.3654476127170379,23,1653382802.0,-51.88071889269406,1.0,3,7,1670359127,1674472331,6,1670397455,1674476195,6,1670359079,1671440267,0,0,0
4,6676.151671046506,12860.170776894953,4002.3841009190674,3,6025.774452548802,12856.83177013233,2,1.9262849932945103,2.344028492969909,12,1616166909.0,-50.700610667174026,1.0,3,3,1668188123,1674300947,2,1673700227,1674085499,2,1668188027,1668258467,4,1673514623,1673943215
5,99.969508196792,273.5606094007877,99.86058865204964,1,99.969508196792,273.5606094007877,1,2.736440484055179,2.736440484055179,5,1653622972.0,-51.8883346334348,0.0,0,1,1666070927,1666070927,1,1666169555,1666169555,2,1666066007,1666067291,1,1666306427,1666306427
6,322876.02659481094,570027.312707739,254389.06816372764,6,252804.8339434873,412806.3209397799,4,1.7654680612849813,2.160042858525489,25,1505007233.0,-47.17576046423135,1.0,3,6,1664318291,1674264779,4,1668038663,1669416347,8,1664318231,1674264587,5,1668981179,1669416395
7,0.0,0.0,0.0,0,0.0,0.0,0,0.0,1.0,0,1679095031.0,-52.696048325722984,0.0,0,0,0,0,0,0,0,0,0,0,0,0,0
8,2999.7266192469287,26489.055792731815,2996.889116428637,1,2999.317309749437,21903.777189662662,1,8.830489959575651,8.45994511332426,6,1660240489.0,-52.09817472095383,1.0,3,1,1663721231,1663721231,1,1668042419,1668042419,1,1663721135,1663721135,2,1666794071,1668652343
9,88584.42547894751,103245.9813139447,3832.425205395223,17,84785.53402752723,117333.34799984044,3,1.1655094081801274,1.7239675901740188,57,1612928236.0,-50.597913020040586,1.0,3,17,1668114143,1674842567,3,1668295343,1673717387,33,1668060947,1675119191,2,1668295139,1673811755
10,5001424.496973435,15716584.023851424,5002367.655445382,1,5001424.496973435,15716584.023851424,1,3.1424215307783143,3.151600770961468,5,1659425081.0,-52.07231830289194,1.0,3,1,1663314659,1663314659,1,1663729691,1663729691,1,1663313771,1663313771,2,1663729787,1663729883
11,1010.0013379681012,3164.9623480404957,1010.0104289801442,1,1010.0013379681012,1432.6781311977031,1,3.1336219359943605,1.0,9,1659735408.0,-52.08215870750888,0.0,0,1,1662343212,1662343212,1,1662350500,1662350500,3,1662343049,1662350400,3,1662350576,1662356084
12,17507.335856733844,53288.51095685025,17557.352545823505,1,17507.335856733844,32655.656050737976,1,3.0437818405336583,2.3416078571694334,6,1654029161.0,-51.901214802130895,1.0,3,1,1663461263,1663461263,1,1665173999,1665173999,2,1663460747,1663725923,2,1664397455,1665173999
13,0.0,0.0,0.0,0,0.0,0.0,0,0.0,1.0,0,1672897511.0,-52.499526255707764,0.0,0,0,0,0,0,0,0,0,0,0,0,0,0
14,0.0,0.0,0.0,0,0.0,0.0,0,0.0,1.0,0,1644638170.0,-51.60342843099949,0.0,0,0,0,0,0,0,0,0,0,0,0,0,0
15,59060.562182161695,111257.48345359789,16963.672561715346,4,48988.849392574135,105383.7410548194,3,1.8837863938789503,2.7376300113677723,8,1518800673.0,-47.61314757737189,1.0,3,4,1662866131,1675013231,3,1667963879,1670535503,2,1662866131,1663946147,0,0,0
16,1000.093792254825,6294.466612967655,1005.1625294389655,2,500.0514845998352,3148.020311561718,2,6.293876296118253,5.556370025706094,10,1622098155.0,-50.88868924403856,1.0,3,2,1663113988,1663166220,2,1663116235,1668235343,2,1663113714,1663166112,3,1663116063,1668235379
17,89970.96001448916,434376.46563056216,90185.59603409776,3,59916.51386103786,278544.60061402665,3,4.827962995622244,6.013749879316283,14,1597590486.0,-50.1115561580416,1.0,3,3,1663570139,1668316223,3,1667138579,1672211183,4,1663569767,1668316151,4,1667138747,1672211279
18,10009.78000050872,0.0,10009.801992996358,1,10009.78000050872,0.0,1,0.0,1.0,3,1674282683.0,-52.543449771689495,0.0,0,1,1674710627,1674710627,1,1674712355,1674712355,0,0,0,0,0,0
19,0.0,0.0,0.0,0,0.0,0.0,0,0.0,1.0,0,1648331807.0,-51.72055289193303,0.0,0,0,0,0,0,0,0,0,0,0,0,0,0
20,200.14960487666644,678.9508985447609,200.14960487666644,1,200.14960487666644,678.9508985447609,1,3.39221703167056,1.0,4,1537229147.0,-48.19751065449011,0.0,0,1,1661476811,1661476811,1,1661534508,1661534508,1,1661476811,1661476811,1,1661538137,1661538137
21,400.0580392975949,1258.8899122495277,401.14941849469596,1,400.0580392975949,1258.8899122495277,1,3.146768190085203,3.0723793572526086,6,1651861413.0,-51.83247596397768,1.0,3,1,1670290655,1670290655,1,1672894499,1672894499,1,1670290607,1670290607,1,1672894547,1672894547
22,19977.731260599223,95358.76358814449,26702.501675331827,1,19866.85484011626,57528.14704535181,1,4.773252895648585,1.0,13,1524458127.0,-47.79254426686961,0.0,0,1,1663397327,1663397327,1,1663398275,1663398275,5,1661476663,1663397903,4,1663397903,1663398671
23,304.8968235905154,506.65236512504384,304.8968235905154,1,304.8968235905154,506.65236512504384,1,1.6617174267630008,1.0,6,1651979499.0,-51.836220446473874,0.0,0,1,1671171455,1671171455,1,1671175499,1671175499,1,1671171095,1671171095,1,1671175607,1671175607
24,1000.1029691996704,1888.812186937031,250.44536679875867,1,1000.1029691996704,1888.812186937031,1,1.8886177174821785,1.6667123502286896,3,1602235445.0,-50.25884684170472,1.0,3,1,1663145656,1663145656,1,1668389087,1668389087,1,1663145656,1663145656,0,0,0
25,4522.096469091315,6257.545292219513,4517.524494354088,2,2521.6341951901754,3102.40379220105,2,1.3837708538484417,1.2303147689377976,9,1672500899.0,-52.486949771689495,0.0,0,2,1673777987,1673946635,2,1673841779,1673961191,2,1673777855,1673946575,2,1673841827,1673961251
26,99.9145602884802,155.1232443359171,99.91502189374873,1,99.9145602884802,155.1232443359171,1,1.5525589452431614,1.0,6,1599505492.0,-50.17228059994927,0.0,0,1,1673895215,1673895215,1,1673899367,1673899367,1,1673895167,1673895167,1,1673899403,1673899403
27,0.0,0.0,0.0,0,0.0,0.0,0,0.0,1.0,0,1614945140.0,-50.66186862633181,0.0,0,0,0,0,0,0,0,0,0,0,0,0,0
28,99.97488254886147,166.65472592635084,89.97739429397532,1,99.97488254886147,166.65472592635084,1,1.6669659586236616,16.669659586236612,5,1638064018.0,-51.39496343860984,0.0,0,1,1674110219,1674110219,1,1674110687,1674110687,2,1674110099,1674110171,0,0,0
29,46991.417212873814,42271.63553919137,46990.40198258042,5,20527.117082158995,24421.468291299025,5,0.899560771868157,3.2987783790319463,21,1651931542.0,-51.834699739979705,0.6,2,5,1668068303,1670479283,5,1668085583,1673660123,4,1668066551,1670478587,6,1668069263,1674045587
30,6002.515150880175,20579.525019668912,6080.385360155364,2,6002.515150880175,17640.77684825344,1,3.428483644335533,3.083633775885306,6,1622322835.0,-50.89581380010147,1.0,3,2,1663477631,1663477955,1,1674489899,1674489899,4,1663477631,1663478075,2,1674489959,1674489959
31,139.56351869550483,170.85190647919143,139.56351869550483,1,139.56351869550483,170.85190647919143,1,1.224187438638249,1.0,4,1668386999.0,-52.35649885844749,0.0,0,1,1668388079,1668388079,1,1668400559,1668400559,1,1668388079,1668388079,1,1668400919,1668400919
32,591.1452670732137,701.9851662513895,591.1452670732139,1,591.1452670732137,701.9851662513895,2,1.1875002733709583,1.0,8,1618491245.0,-50.7743148782344,0.0,0,1,1664884031,1664884031,2,1664884127,1664884259,1,1664883971,1664883971,1,1664884379,1664884379
33,19139.75193952261,19835.554340642768,120.44496956015259,100,19012.376750767187,23254.851427575304,2,1.0363537836497954,1.3306980601247629,291,1590031708.0,-49.87186888001015,1.0,3,100,1668805931,1675027691,2,1669018787,1674072659,187,1668805931,1675109171,1,1672181783,1672181783
34,164115.40422848635,160875.51711651933,0.0,14,164038.63909802205,200327.3774365846,0,0.9802584825769532,1.3972926005723123,25,1671867251.0,-52.46685692541857,1.0,3,14,1671867491,1674970211,0,0,0,9,1671867407,1674105431,0,0,0
35,0.0,0.0,0.0,0,0.0,0.0,0,0.0,1.0,0,1672979375.0,-52.50212214611872,0.0,0,0,0,0,0,0,0,0,0,0,0,0,0
36,2350627.0727648805,1598338.3591151456,1383818.3751223288,29,1071236.8523407462,1525395.4209623241,21,0.6799625417549243,1.461969379615621,59,1578950712.0,-49.52049280187722,1.0,3,29,1662535772,1667928371,21,1662715579,1667881007,21,1662535772,1667931587,4,1663253711,1666795283
37,1352.3327279671212,2572.1179953810597,100.11511492862395,2,1350.2305554481911,2199.6163862717576,1,1.9019860587472188,1.5397552105195855,6,1637445240.0,-51.37534211694571,1.0,3,2,1663916819,1667642903,1,1667919023,1667919023,2,1663916819,1667425007,0,0,0
38,4994.432815149806,14304.474903783772,5024.800686375001,1,4994.432815149806,14304.474903783772,1,2.8640839577205757,2.775447021949386,5,1663392503.0,-52.198124429223746,1.0,3,1,1663405919,1663405919,1,1667995955,1667995955,1,1663405715,1663405715,1,1667996003,1667996003
39,499.969413232486,1632.5994837927003,499.9699471998193,1,499.969413232486,1632.5994837927003,1,3.2653987235685973,1.0,7,1615369000.0,-50.67530913876205,0.0,0,1,1663233659,1663233659,1,1663234151,1663234151,1,1663233659,1663233659,1,1663234151,1663234151
40,35052.929205970366,101838.10902537759,35225.72119684717,2,35030.93877394228,87844.13589119106,1,2.9052667304058595,3.179097755539568,7,1595485222.0,-50.044798674530696,1.0,3,2,1669429007,1669726307,1,1674463007,1674463007,2,1669428899,1669727387,1,1674463055,1674463055
41,0.0,0.0,0.0,0,0.0,0.0,0,0.0,1.0,0,1675794467.0,-52.59138812785388,0.0,0,0,0,0,0,0,0,0,0,0,0,0,0
42,100.07151251274384,141.6480055365938,100.07155154063372,1,100.07151251274384,141.6480055365938,1,1.415467818761661,1.0,6,1673192507.0,-52.508880517503805,0.0,0,1,1673193719,1673193719,1,1673198927,1673198927,3,1673192915,1673193659,0,0,0
43,7771.306325259744,10944.705737818262,0.0,2,7767.829702653897,10944.808754968373,0,1.4083482595768675,1.5852389919653482,5,1674839615.0,-52.5611099695586,1.0,3,2,1674839963,1674964199,0,0,0,2,1674839723,1674964043,0,0,0
44,72781499.37689543,87451784.01061484,71312127.93477046,113,3302897.619942711,3968710.5699454187,119,1.2015661227003591,2.1048729650456908,300,1617966172.0,-50.75766492262811,0.5486725663716814,2,113,1663334495,1675020071,119,1663384103,1675112219,134,1663334495,1674511319,118,1663382855,1674485075
45,13999.143570509608,24183.203938679286,0.0,1,13999.143570509608,24183.203938679286,0,1.7274773858040338,1.7005725568062173,2,1610262553.0,-50.51338476661593,1.0,3,1,1663232435,1663232435,0,0,0,1,1663232339,1663232339,0,0,0
46,6804.108750197423,16413.82765238328,0.0,3,6805.09450029315,12239.091059478047,0,2.4123405805215894,1.9418507888257464,10,1606954825.0,-50.40849739979706,1.0,3,3,1670530451,1672803395,0,0,0,5,1670530367,1672803467,2,1672812491,1673679395
47,59988.93868133083,152470.75054954586,60051.88016679852,1,59948.736173088124,134802.09932791194,1,2.5416477420860977,2.695311780775788,5,1672230647.0,-52.4783801369863,1.0,3,1,1672231127,1672231127,1,1673869463,1673869463,2,1672231127,1672231487,2,1673869067,1673869463
48,13529.66562246895,22168.314035715553,4.618720597055502,3,13516.991151369386,25429.99613339817,1,1.6384968153906367,2.8678491924945955,9,1653074537.0,-51.87094387366819,1.0,3,3,1663603787,1674142859,1,1663604147,1663604147,5,1663603787,1674142859,0,0,0
49,1199407.5951010603,1902897.874047541,1204163.1864545834,3,1198310.0709672594,1919012.8192387044,4,1.5865314525436247,1.7962319801245485,11,1621782623.0,-50.87868378995434,1.0,3,3,1664173499,1664252963,4,1664253251,1667963195,3,1664173259,1664252795,1,1667963267,1667963267
50,0.0,0.0,0.0,0,0.0,0.0,0,0.0,1.0,0,1661870941.0,-52.14987601471334,0.0,0,0,0,0,0,0,0,0,0,0,0,0,0
51,0.0,4554592.274345594,0.0,0,0.0,0.0,0,0.0,1.0,1,1672509863.0,-52.48723401826484,0.0,0,0,0,0,0,0,0,1,1675146419,1675146419,0,0,0
52,0.0,0.0,0.0,0,0.0,0.0,0,0.0,1.0,0,1612393615.0,-50.58096029934044,0.0,0,0,0,0,0,0,0,0,0,0,0,0,0
53,2376713.803025454,2420657.30678984,2385677.741077445,5,1900324.4854456023,2485767.2913106866,5,1.0184891860805656,1.4853304188628944,17,1661307499.0,-52.132009386098424,1.0,3,5,1667302871,1668123047,5,1667883983,1672051247,3,1667302607,1669083935,3,1668441671,1672051307
54,800431.8386856997,1689629.9286263897,799632.9593091044,1,800431.8386856997,1689629.9286263897,1,2.11089795153669,2.138672993136981,3,1670805299.0,-52.433182648401825,0.0,0,1,1671297659,1671297659,1,1671570611,1671570611,1,1671297659,1671297659,1,1671570611,1671570611
55,20998.827874000704,45103.39195510539,21092.028733557552,1,20970.426241927038,39965.106741058145,1,2.1479004554796743,2.021139126354001,6,1505682514.0,-47.19717348427194,1.0,3,1,1663814495,1663814495,1,1667953295,1667953295,2,1663814495,1663814735,2,1664323199,1667953331
56,100.07480243833322,169.73772463619022,100.04658097314794,1,100.07480243833322,169.73772463619022,3,1.69610851583528,3.3274513657201408,6,1661482095.0,-52.137545788939626,1.0,3,1,1661482395,1661482395,3,1661526964,1664075711,1,1661482395,1661482395,1,1666504103,1666504103
57,10984423.992379855,61485411.79794088,5941157.1295697745,3,10984423.992379855,36394420.79109041,2,5.597508967297212,7.2227316702475814,10,1648599083.0,-51.72902815829528,0.0,0,3,1669317575,1669319171,2,1669408271,1669909319,5,1669317575,1669909319,3,1669408415,1673376995
58,0.0,0.0,0.0,0,0.0,0.0,0,0.0,1.0,0,1596572493.0,-50.07927581177068,0.0,0,0,0,0,0,0,0,0,0,0,0,0,0
59,0.0,0.0,0.0,0,0.0,0.0,0,0.0,1.0,0,1440265625.0,-45.122817541856925,0.0,0,0,0,0,0,0,0,0,0,0,0,0,0
60,0.0,0.0,0.0,0,0.0,0.0,0,0.0,1.0,0,1519081877.0,-47.62206449771689,0.0,0,0,0,0,0,0,0,0,0,0,0,0,0
61,15006.069835022234,38828.70706450354,15015.950490802361,1,15006.069835022234,38828.70706299016,1,2.587533410905655,2.5186127098955433,7,1647855729.0,-51.70545655758498,1.0,3,1,1666015259,1666015259,1,1667206175,1667206175,2,1666015103,1666015163,2,1667206283,1667206283
62,99.91858101139213,143.9824787736043,99.91877685181092,1,99.91858101139213,143.9824787736043,1,1.4409980337609904,1.0,5,1655348420.0,-51.943048230593604,0.0,0,1,1664685359,1664685359,1,1664686991,1664686991,1,1664685227,1664685227,1,1664687099,1664687099
63,1935489.841969823,3612141.8073218837,1776859.74711183,13,1638229.3817676322,2702574.2317521614,13,1.8662675096479282,7.139691584606109,59,1622728854.0,-50.908688578132924,1.0,3,13,1662994481,1672066043,13,1667209091,1668425483,21,1662994318,1674223463,11,1668323891,1668425027
64,0.0,0.0,0.0,0,0.0,0.0,0,0.0,1.0,9,1511949515.0,-47.39589878234399,0.0,0,0,0,0,0,0,0,0,0,0,0,0,0
65,38391.56387517503,49485.8755962944,10552.785943641833,23,34657.121570879746,43594.42617444191,7,1.28897785349904,1.4169130138431254,71,1657389829.0,-52.00778088533739,1.0,3,23,1663110574,1674851891,7,1669651547,1674852491,24,1663028456,1672462523,14,1669651775,1674850799
66,9988.865630299611,35761.18725945943,9988.865630299611,1,9988.865630299611,35761.18725945943,1,3.5801049471507196,1.0,4,1662676030.0,-52.17540521943176,0.0,0,1,1663443767,1663443767,1,1663443983,1663443983,1,1663443767,1663443767,1,1663444043,1663444043
67,34755.63028076795,77824.86861419558,34682.84026271284,1,34755.63028076795,77824.86861419558,1,2.239201763440901,2.2548048262426863,4,1664333363.0,-52.22795890410959,0.0,0,1,1664429651,1664429651,1,1665063899,1665063899,1,1664424191,1664424191,1,1665063995,1665063995
68,1999.211250085517,2930.6945773519456,2010.7822123843714,2,1999.3220837137624,2971.6609814551425,1,1.4659254129480235,1.5487216712989038,5,1637578729.0,-51.379575025367835,1.0,3,2,1664858303,1665091631,1,1668618851,1668618851,2,1664858303,1665091511,1,1668618851,1668618851
69,3315.6374988423836,5856.020438459692,0.0,6,3314.6132567356135,6258.771698258353,0,1.7661823527162586,2.493462216318547,12,1625578607.0,-50.99905365296804,1.0,3,6,1668607007,1673441519,0,0,0,4,1668468911,1671467015,1,1674331439,1674331439
70,510690.8242493277,875654.1919783226,0.0,1,510690.8242493277,875654.1919783226,0,1.714646416969524,1.9463470073587283,3,1572929097.0,-49.3295486428209,1.0,3,1,1668571523,1668571523,0,0,0,1,1668571427,1668571427,0,0,0
71,199.90559861021103,394.2446445914354,200.52182220662343,1,200.20918485010367,393.1531611338938,1,1.972154093393649,1.94235965731107,6,1660009792.0,-52.090859367072554,1.0,3,1,1664532311,1664532311,1,1666859855,1666859855,2,1664532215,1664589635,1,1666860191,1666860191
72,14007.065667173498,42664.92758161556,8988.999790346845,3,10005.093485267926,20681.374269931763,2,3.045957561375877,3.810879401172799,8,1611944575.0,-50.566721334348046,1.0,3,3,1669792007,1670532431,2,1669797875,1671219899,2,1669791911,1670532335,1,1669797911,1669797911
73,99.91858101139213,1308.9316252145843,99.91864296091236,1,99.91858101139213,1308.9316252145843,1,13.09998212509991,1.0,5,1520578260.0,-47.66951449137493,0.0,0,1,1664740319,1664740319,1,1664740847,1664740847,1,1664740319,1664740319,1,1664740847,1664740847
74,1200.7383388192438,2153.821820122216,1200.3241089088153,1,1200.7383388192438,2153.821820122216,1,1.793747855373882,1.8089370281952528,5,1616841340.0,-50.72199673389142,1.0,3,1,1672572599,1672572599,1,1672913099,1672913099,1,1672571639,1672571639,1,1672913255,1672913255
75,250142.7638946229,841360.5846160802,125137.54834960536,11,124934.67036090522,453254.9833013345,3,3.3635215807022836,4.227777756030927,26,1661719553.0,-52.145075532724505,1.0,3,11,1663926539,1674302291,3,1665608171,1668078059,10,1663926395,1672414439,2,1665608327,1668078359
76,100.1852519828619,199.36330119815446,100.14041774257561,1,100.1852519828619,199.36330119815446,1,1.9899465964537213,1.9899465964537213,6,1520330423.0,-47.66165563165906,0.0,0,1,1663914707,1663914707,1,1664033099,1664033099,1,1663910255,1663910255,1,1664033099,1664033099
77,49917.84840831694,122740.41933093239,49980.324185507474,1,49917.84840831694,122740.41933093239,1,2.458848352736339,2.35454046138891,3,1560350763.0,-48.93069228817859,1.0,3,1,1662965097,1662965097,1,1663436183,1663436183,1,1662965097,1662965097,1,1663436183,1663436183
78,118535.10952778593,225210.64972047007,19971.67998614519,14,98540.599628481,112471.17540354244,1,1.8999488895539278,2.2581176617220717,24,1597319419.0,-50.102960679857944,1.0,3,14,1668374999,1674629711,1,1669331579,1669331579,5,1668374939,1669635671,2,1669331939,1669635707
79,18707.640828195446,33728.23494706997,5397.119481076668,16,13315.927472191019,16101.929617185078,5,1.8029122569124834,1.4930534610792476,56,1629408765.0,-51.12050716641299,1.0,3,16,1664939963,1674060443,5,1666324007,1672718339,29,1664937995,1673642435,16,1664940119,1673464115
80,1200.6969579256381,2435.2957602895276,1202.3359389639218,1,1200.6969579256381,2435.2957602895276,2,2.0282351381124686,2.2452024459120468,5,1630588059.0,-51.15790233384069,1.0,3,1,1671617651,1671617651,2,1672603655,1673412383,1,1671617651,1671617651,1,1673412479,1673412479
81,0.0,0.0,0.0,0,0.0,0.0,0,0.0,1.0,0,1682161931.0,-52.79329908675799,0.0,0,0,0,0,0,0,0,0,0,0,0,0,0
82,1100.5607313324886,2383.543843013518,1102.5250470512933,2,1101.1503035764958,2735.518058669751,1,2.1657540335167833,2.4506233410804588,6,1619689826.0,-50.812321632420094,1.0,3,2,1673513351,1673637575,1,1674461471,1674461471,2,1673513231,1673760131,1,1674461519,1674461519
83,100.10457305240872,122.24126153825554,100.10458406391176,1,100.10457305240872,131.85216116854463,1,1.22113563657334,1.0,10,1673640431.0,-52.52308409436834,0.0,0,1,1673812571,1673812571,1,1673812667,1673812667,3,1673642579,1673811863,0,0,0
84,100.10569378048046,243.8192322410485,100.10569378048046,1,100.10569378048046,243.8192322410485,1,2.435618025641121,1.0,3,1598847175.0,-50.15140550481989,0.0,0,1,1668951863,1668951863,1,1668952343,1668952343,1,1668951863,1668951863,0,0,0
85,273646.5506589805,597722.3944750169,0.0,8,273234.3600146749,733091.8390012735,0,2.1842862372487972,2.8111346836213698,10,1587335521.0,-49.786373351090816,1.0,3,8,1669138619,1674999407,0,0,0,3,1669138619,1669139195,0,0,0
86,73801.66093520488,168052.76484623886,897.4402950429953,5,72977.96737338108,233413.91859922168,2,2.2770864871697527,3.483209702922898,18,1619888225.0,-50.81861282343988,1.0,3,5,1671179723,1674555311,2,1671180095,1671261851,10,1671179015,1671358331,0,0,0
87,4501282.047276092,11100747.157322697,4499750.909786926,2,4501282.047276092,11100747.157322697,1,2.4661301026538003,2.45460273912171,10,1663293659.0,-52.1949901065449,1.0,3,2,1663294175,1663294775,1,1663858499,1663858499,3,1663294091,1663294715,3,1663858571,1664681675
88,253488.9373685902,819979.787732243,253985.77486595564,6,169595.00468908896,717841.6441832877,2,3.2347754353474465,5.91472860826424,12,1663253555.0,-52.19371841704719,1.0,3,6,1663255559,1667949155,2,1667750207,1668032963,2,1663255559,1668012803,2,1668032855,1668033023
89,3007.5224496371056,11519.92058926449,3007.524317308547,1,3007.5224496371056,11519.92058926449,1,3.8303689439307456,1.0,5,1652187043.0,-51.84280162354135,0.0,0,1,1661608218,1661608218,1,1661608721,1661608721,1,1661608116,1661608116,1,1669398215,1669398215
90,671763.1119194812,971171.6637474528,884.1883004405222,5,671581.1304882703,1237449.2305346543,2,1.4457055567883865,2.052952845781667,14,1669585031.0,-52.39448820395738,1.0,3,5,1669589963,1674506603,2,1671388991,1673701967,8,1669589963,1672671071,1,1671203423,1671203423
91,13703.07725705985,12516.040489281651,8502.145355998033,5,6901.446022996532,11305.724160147969,4,0.9133744380542965,2.739117782901543,11,1598883883.0,-50.15256950786403,1.0,3,5,1663298363,1673008991,4,1663775687,1672499819,1,1663298147,1663298147,0,0,0
92,4019.296508428156,7912.853957340572,135.57992518234806,20,3885.8866842174893,8271.441284103976,1,1.968716152378389,2.8379342158446597,32,1568941538.0,-49.20310397640792,1.0,3,20,1663539443,1674356375,1,1668229247,1668229247,30,1662892803,1674356375,2,1673512679,1673684051
93,399853.2028048774,1067116.048298217,400422.77512192185,1,399853.2028048774,1067116.048298217,1,2.66876954045296,2.471220298719441,5,1609465718.0,-50.48811729452055,1.0,3,1,1668035399,1668035399,1,1668985619,1668985619,1,1668035399,1668035399,1,1668986243,1668986243
94,0.0,0.0,0.0,0,0.0,0.0,0,0.0,1.0,0,1659709628.0,-52.08134122907154,0.0,0,0,0,0,0,0,0,0,0,0,0,0,0
95,40073.124551799134,132554.3324177778,40134.71323019457,3,40105.00733602144,132149.97133726114,1,3.307811255057889,3.476286821792409,6,1596448741.0,-50.0753516615931,1.0,3,3,1663964591,1665217895,1,1667987579,1667987579,3,1663964591,1665217895,1,1667993351,1667993351
96,665.707016345932,1227.9475199855344,665.815215987534,1,665.707016345932,1227.9475199855344,1,1.84457650262685,1.84457650262685,5,1653128124.0,-51.87264310629122,0.0,0,1,1664969807,1664969807,1,1665019247,1665019247,1,1664969555,1664969555,1,1665019403,1665019403
97,0.0,0.0,0.0,0,0.0,0.0,0,0.0,1.0,0,1590356234.0,-49.882159531963474,0.0,0,0,0,0,0,0,0,0,0,0,0,0,0
98,2302159.517709428,3769446.3216301575,0.0,4,2302159.517709428,3284654.0664482177,0,1.6373523609609082,2.1809401176557732,16,1604779923.0,-50.339531709791984,1.0,3,4,1673235047,1673271635,0,0,0,6,1673234831,1673271803,0,0,0
99,1101.0328128175524,2568.5038288799187,100.02356042562319,1,1101.0328128175524,2568.5038288799187,1,2.332813154139426,3.07218296864785,4,1673208191.0,-52.509377853881276,1.0,3,1,1673253695,1673253695,1,1674950723,1674950723,1,1673253419,1673253419,0,0,0
100,6380.399824040811,8877.240130915188,3454.8177887504216,11,5521.533774527013,8738.310533669799,3,1.3913297560862083,2.4058218561857476,20,1588242234.0,-49.81512503170979,1.0,3,11,1663353623,1673618135,3,1671233195,1674418859,8,1663353623,1672603451,0,0,0
101,8721.815103947607,22451.38622645187,8765.116124891842,1,8721.815103947607,22451.38622645187,1,2.5741644323886295,2.476440084036967,4,1661580374.0,-52.140662195585996,1.0,3,1,1661581628,1661581628,1,1668014207,1668014207,1,1661581628,1661581628,1,1668014255,1668014255
102,101638.957238197,203052.23528439086,59248.459804028906,3,101560.30239613877,136585.42911213494,2,1.997779599494766,3.0791484987038884,9,1512843875.0,-47.424258751902585,1.0,3,3,1662891670,1665006143,2,1665008219,1670346491,3,1662891583,1668347603,1,1670345843,1670345843
103,24685.9799779328,33438.88676432746,2672.2398610796245,16,22043.09550226435,34144.21107710983,5,1.3545699540475615,1.5913766764291046,30,1636453632.0,-51.343898433536275,1.0,3,16,1666968299,1674469139,5,1667563799,1674025991,13,1666968299,1674199691,1,1667076683,1667076683
104,1739136.6034044286,3152825.613743273,1747115.150141029,1,1739136.6034044286,3152825.613743273,3,1.8128682977354926,1.904130701279535,6,1637162532.0,-51.366377505073565,1.0,3,1,1667801927,1667801927,3,1667967635,1672432007,1,1667801663,1667801663,1,1672432079,1672432079
105,900.3641901013341,1295.7258411569917,0.0,1,900.3641901013341,1295.7258411569917,0,1.439113033817083,1.5423525914218101,3,1613714584.0,-50.622847951547435,1.0,3,1,1665981563,1665981563,0,0,0,1,1665981503,1665981503,0,0,0
106,0.0,0.0,0.0,0,0.0,0.0,0,0.0,1.0,0,1680744551.0,-52.748354261796045,0.0,0,0,0,0,0,0,0,0,0,0,0,0,0
107,0.0,0.0,0.0,0,0.0,0.0,0,0.0,1.0,0,1663291931.0,-52.194935312024356,0.0,0,0,0,0,0,0,0,0,0,0,0,0,0
108,4246.1555286338335,5016.60115877406,150.11449759059468,2,4097.867100871413,8316.72195484,1,1.1814454569421087,1.8880380176791696,4,1616525555.0,-50.71198325722983,1.0,3,2,1672922543,1674820739,1,1672925459,1672925459,1,1672922435,1672922435,0,0,0
109,12348.876409880519,16558.707480849123,12358.733343260626,3,11751.594423097717,18751.398765030164,5,1.3409080252516137,1.566946233896957,19,1659748740.0,-52.08258146245561,1.0,3,3,1672431479,1674014903,5,1673979815,1674120083,3,1672431371,1674014315,7,1673980043,1674120299
110,0.0,0.0,0.0,0,0.0,0.0,0,0.0,1.0,0,1586630782.0,-49.76402622399797,0.0,0,0,0,0,0,0,0,0,0,0,0,0,0
111,55570.681498995684,101600.59798265489,2166.272718429528,3,54912.567737705846,100774.17316157403,3,1.82831297443223,2.160394704478372,9,1672239683.0,-52.47866666666667,1.0,3,3,1674502367,1674669347,3,1674505079,1674905435,4,1674502367,1674669011,0,0,0
112,0.0,0.0,0.0,0,0.0,0.0,0,0.0,1.0,0,1654710073.0,-51.922806380010144,0.0,0,0,0,0,0,0,0,0,0,0,0,0,0
113,2949749.8891957887,4030433.7710362026,2960010.269633807,4,2444829.092693331,3945662.3671598197,15,1.366364580874702,1.7284185696694883,27,1615086478.0,-50.666350424911215,1.0,3,4,1665135803,1668105779,15,1665784919,1668789467,4,1665134975,1668630611,3,1668160031,1668789575
114,10014.97848866154,20350.166183447916,10015.669500144304,1,10014.97848866154,20350.166183447916,1,2.0319730298459815,1.0,5,1661637025.0,-52.14245858701167,0.0,0,1,1661827343,1661827343,1,1661881485,1661881485,1,1661827259,1661827259,1,1661881572,1661881572
115,12044935.59159941,39027965.0017296,9651189.115826197,14,9031949.683092158,16016967.299447516,16,3.2401970691274733,2.263381510617189,53,1593497013.0,-49.981752980720444,1.0,3,14,1661476414,1674602699,16,1666383215,1674431759,19,1661476363,1671213299,22,1661810702,1674601967
116,3502.8990649470275,3023.0418570004076,538.0720352206772,3,2967.577749154648,3998.1327209607844,1,0.8630114088217736,1.6809687627366507,6,1610807173.0,-50.53065455352613,1.0,3,3,1668380591,1674573335,1,1668945983,1668945983,2,1668380591,1672277855,0,0,0
117,119.96985905863377,153.81065253164317,119.96985905863377,1,119.96985905863377,152.29560956867635,1,1.2820774629440062,1.0,5,1668452315.0,-52.3585700152207,0.0,0,1,1674150755,1674150755,1,1674151067,1674151067,2,1674150755,1674155903,1,1674155123,1674155123
118,24993.293499830044,39289.599230679996,12514.13804501793,1,24993.293499830044,39289.599230679996,2,1.572005675480391,2.8389612350234628,4,1648803384.0,-51.735506500507356,1.0,3,1,1667297771,1667297771,2,1667985791,1667999567,1,1667297771,1667297771,0,0,0
119,801.1588019425299,2399.0173204442385,801.1630050218945,1,801.1588019425299,2399.0173204442385,1,2.994434205337894,1.0,5,1608087519.0,-50.44441489091832,0.0,0,1,1669611875,1669611875,1,1669616375,1669616375,1,1669611767,1669611767,1,1669616459,1669616459
120,60199.768328774444,120185.08393429578,18763.779021576964,7,55108.55809679385,77298.80377644121,3,1.9964376486952258,2.1198472013234557,21,1533219118.0,-48.07035346905124,1.0,3,7,1672689407,1674241403,3,1673023955,1674255119,11,1672689407,1675112303,6,1673023955,1674835067
121,1103.7775370820177,1347.208353111565,1104.720213980694,1,1103.7775370820177,1342.68793977738,3,1.2205433684337235,1.2153934030572398,8,1510899276.0,-47.362595922120754,1.0,3,1,1672010255,1672010255,3,1672109399,1672111307,2,1661579476,1672010255,4,1661721824,1672111307
122,12007.939304288866,23496.499332424646,6630.004227656979,2,12014.956138237108,24473.908944692557,1,1.9567470102078564,2.996659829762135,5,1596230723.0,-50.068438356164386,1.0,3,2,1662617039,1662882361,1,1667983895,1667983895,2,1662617039,1662882223,0,0,0
123,0.0,0.0,0.0,0,0.0,0.0,0,0.0,1.0,0,1680867107.0,-52.7522404870624,0.0,0,0,0,0,0,0,0,0,0,0,0,0,0
124,27179.078854944706,52016.405491886624,15055.469776693251,3,17180.485136811803,24329.87978530708,2,1.913839897573396,2.1592644115951227,11,1625752955.0,-51.00458219178082,1.0,3,3,1665471851,1674408815,2,1666005911,1674605711,3,1665418823,1674398663,3,1665478751,1666006427
125,200.41831084429685,823.7800251743183,200.42165783008795,1,200.41831084429685,333.1675898873575,1,4.110303203853991,1.0,7,1649197757.0,-51.74801198630137,0.0,0,1,1669129247,1669129247,1,1669142171,1669142171,3,1669129247,1669145735,2,1669173359,1669173359
126,500.21107379034936,1239.1115016452136,500.21107379034936,2,300.2131226787979,525.448787752214,2,2.4771772688993994,1.0,14,1649999941.0,-51.77344907407407,0.0,0,2,1669904831,1671128531,2,1669905011,1671128663,3,1668083195,1671128303,3,1668083387,1671128819
127,12207.089133978725,30247.088101846188,12244.520449470165,2,12207.276070484693,19509.72584328907,1,2.47782970779272,2.7639016687396896,7,1668259631.0,-52.3524600456621,1.0,3,2,1671211895,1672329755,1,1674852467,1674852467,3,1671211895,1672331567,0,0,0
128,1695.9853328566705,1885.0301528289679,93.9078735712238,12,1602.6704882904344,2191.321708700858,1,1.1114660700832097,1.5897823731467298,20,1559194370.0,-48.89402330669711,1.0,3,12,1670594159,1674882407,1,1671478175,1671478175,5,1670594099,1674274043,0,0,0
129,31975.11610970007,55451.274854186326,31988.373884603185,3,31081.380685416614,51826.46618731484,2,1.7342008912162936,1.7915956687518708,13,1632113513.0,-51.20627416286149,1.0,3,3,1665164639,1665222299,2,1665218423,1668019055,5,1661575101,1665222299,2,1665128315,1669752011
130,100.3886902342166,144.001803176131,100.2668435061614,1,100.3886902342166,144.001803176131,2,1.4344424938721758,1.5788868453894989,10,1636300874.0,-51.33905450913242,0.0,0,1,1661811386,1661811386,2,1662922739,1662922922,2,1661810441,1661811308,1,1662923057,1662923057
131,11808.70397191579,17901.045719135625,7008.02965779969,2,7004.009571671604,9786.763752126915,2,1.5159195930145282,1.658956898535441,7,1659257620.0,-52.06700814941654,1.0,3,2,1670672315,1674749711,2,1670866931,1671261827,2,1670648663,1674748583,1,1671261863,1671261863
132,44871.47887006799,107456.16121840414,44951.47854241564,4,44731.47081321709,81887.40266699452,3,2.394754171788261,3.052136185871794,16,1615671796.0,-50.684910736935564,1.0,3,4,1667987555,1668095435,3,1668096839,1668372335,5,1667985719,1668100631,4,1668371675,1668372671
133,40003.081486361094,106219.28278837046,40030.283611202605,1,40003.081486361094,106219.28278837046,1,2.655277514673102,2.756353571822931,5,1496478824.0,-46.90532638888889,1.0,3,1,1666950671,1666950671,1,1668003551,1668003551,1,1666950575,1666950575,1,1668003791,1668003791
134,120034.18792736245,209296.42707482146,120034.19708297013,1,120034.18792736245,209296.42707482146,1,1.7436401302725122,1.0,21,1660841859.0,-52.11724403855911,0.0,0,1,1663334195,1663334195,1,1663334291,1663334291,1,1663333847,1663333847,1,1663334375,1663334375
135,0.0,0.0,0.0,0,0.0,0.0,0,0.0,1.0,2,1670614595.0,-52.427135464231355,0.0,0,0,0,0,0,0,0,0,0,0,0,0,0
136,0.0,0.0,0.0,0,0.0,0.0,0,0.0,1.0,0,1609020169.0,-50.47398902841197,0.0,0,0,0,0,0,0,0,0,0,0,0,0,0
137,0.0,0.0,0.0,0,0.0,0.0,0,0.0,1.0,0,1661896899.0,-52.15069913749366,0.0,0,0,0,0,0,0,0,0,0,0,0,0,0
138,2674195.727806545,5271743.65471299,2673280.293846485,2,1493859.5465208138,2884867.6994132274,2,1.9713379988969735,1.900046989551236,6,1662883450.0,-52.18198246448503,0.0,0,2,1662884612,1663290695,2,1663190999,1663314779,2,1662884612,1663290695,2,1663191253,1663314779
139,447318.3787393709,562947.7730159207,367501.3581498473,156,192260.04073590055,243687.46688330802,35,1.2584946198777156,1.220848417955816,252,1623309370.0,-50.927096619736176,1.0,3,156,1663712423,1670217443,35,1664084639,1670748563,122,1663712423,1670080031,55,1663915739,1670748563
140,99.96610418568812,149.8744452982245,99.96612917721416,1,99.96610418568812,149.8744452982245,1,1.4992526368721049,1.0,5,1648627137.0,-51.72991774479959,0.0,0,1,1665041447,1665041447,1,1665041663,1665041663,2,1665040871,1665041303,1,1665041711,1665041711
141,0.0,0.0,0.0,0,0.0,0.0,0,0.0,1.0,0,1502833039.0,-47.106817224759006,0.0,0,0,0,0,0,0,0,0,0,0,0,0,0
142,99.99897555577574,387.81343449561774,99.99434503957053,1,99.99897555577574,387.81343449561774,1,3.878174074686492,3.878174074686492,4,1590248630.0,-49.87874743150685,0.0,0,1,1669886627,1669886627,1,1670005499,1670005499,1,1669886627,1669886627,1,1670005499,1670005499
143,1309128.0117179276,1094462.9219782,1310936.6947642749,13,546533.1358074716,651564.358801832,11,0.8360243705594311,4.454878156280412,36,1628838375.0,-51.10242021816337,0.9230769230769231,3,13,1666076831,1668079211,11,1666153859,1668146531,8,1666076783,1667974655,9,1666153955,1668178943
144,200.00026494417847,466.32422382625265,200.00026494417847,1,200.00026494417847,472.4411500480344,1,2.3316180303881455,1.0,5,1661229917.0,-52.12954927701674,0.0,0,1,1662356275,1662356275,1,1662356733,1662356733,1,1661845067,1661845067,1,1662357158,1662357158
145,3005.290746752709,14623.829433782645,0.0,1,3005.290746752709,14623.829433782645,0,4.866028170347263,6.6051044429798464,2,1606089201.0,-50.3810486428209,1.0,3,1,1669427159,1669427159,0,0,0,2,1669427159,1669427159,0,0,0
146,50048.900002543596,116085.78576212165,0.0,1,50048.900002543596,116085.78576212165,0,2.3194472956692738,2.439026631232834,2,1674591095.0,-52.553229452054794,1.0,3,1,1674761147,1674761147,0,0,0,1,1674761075,1674761075,0,0,0
147,9867.75230658881,23162.37833163366,9911.790655013732,6,9881.447350515424,12710.425904490203,2,2.347280070677076,2.1449640950741933,21,1662136173.0,-52.15828646626078,1.0,3,6,1662828848,1666123067,2,1666570775,1667094647,7,1662828848,1664925527,6,1664644259,1667094719
148,99.83569681663388,211.0807307716583,100.21170692515264,1,99.83569681663388,211.0807307716583,1,2.1142811389331597,1.6789337451995208,3,1662847881.0,-52.180854578893964,1.0,3,1,1663009021,1663009021,1,1664992031,1664992031,1,1663009021,1663009021,0,0,0
149,125.96835201156546,151.50429629668258,126.21167981558756,1,125.96835201156546,151.50429629668258,1,1.2027171418641136,1.2596884812404396,5,1630589785.0,-51.157957064941655,1.0,3,1,1674152783,1674152783,1,1674503687,1674503687,1,1674152783,1674152783,1,1674503723,1674503723
150,260117.38180559003,369659.028180799,90073.5434691827,3,230062.1208741896,375697.25304518087,1,1.4211239003515714,1.8594804795232782,10,1672552043.0,-52.48857153729072,1.0,3,3,1672569479,1673927423,1,1673484323,1673484323,3,1672552295,1672821863,2,1673484395,1673927279
151,0.0,0.0,0.0,0,0.0,0.0,0,0.0,1.0,0,1670028275.0,-52.40854337899543,0.0,0,0,0,0,0,0,0,0,0,0,0,0,0
152,2509.0295298009914,1830.9380996964273,2512.224995249735,3,1509.1658389462323,1830.9380996964273,2,0.7297395578447623,1.2144086353542272,11,1620718254.0,-50.84493287037037,1.0,3,3,1672005011,1672007003,2,1672006379,1673292263,2,1672005011,1672006955,1,1673292419,1673292419
153,0.0,0.0,0.0,0,0.0,0.0,0,0.0,1.0,0,1595597807.0,-50.04836872146119,0.0,0,0,0,0,0,0,0,0,0,0,0,0,0
154,206.5000867048993,251.21057527706122,206.5000867048993,1,206.5000867048993,251.21057527706122,1,1.2165155922479385,1.0,5,1514561989.0,-47.47873978944698,0.0,0,1,1672916591,1672916591,1,1672916843,1672916843,1,1672916483,1672916483,1,1672916999,1672916999
155,90072.6695585398,266976.04664056463,90384.95397898064,3,60017.093963681225,98040.00418749043,2,2.9640072615706394,3.685593495462165,19,1560875831.0,-48.947342085235924,0.3333333333333333,1,3,1663325111,1663920527,2,1663582355,1671885515,8,1663325027,1671292859,3,1663583207,1671886031
156,1000.2812523268472,2344.5221343499707,1000.2822886182246,1,1000.2812523268472,1281.6776753508923,3,2.3438629174506267,1.0,15,1670193251.0,-52.413774733637744,0.0,0,1,1670265731,1670265731,3,1670266007,1670267999,4,1670265635,1670267519,6,1670266199,1670276279
157,409884.0842520306,1114104.503320224,69149.51611767714,4,410054.832011917,1017069.8920047809,1,2.718096520759709,3.053561413727157,12,1644956629.0,-51.61352669964485,1.0,3,4,1664979227,1665681491,1,1669048487,1669048487,7,1664977319,1668077039,0,0,0
158,0.0,0.0,0.0,0,0.0,0.0,0,0.0,1.0,0,1508881894.0,-47.29862515854896,0.0,0,0,0,0,0,0,0,0,0,0,0,0,0
159,12086.349507234088,34079.17347349103,0.0,1,12086.349507234088,34079.17347349103,0,2.819641567794601,3.7454017320606465,2,1660171581.0,-52.09598966260781,1.0,3,1,1668639047,1668639047,0,0,0,1,1668638807,1668638807,0,0,0
160,113536.79369795507,246954.33489112626,64055.528076864175,9,49624.56664378178,131854.7576855295,6,2.175104006795413,3.4423947446860925,21,1661923375.0,-52.15153868594622,1.0,3,9,1661923750,1673845475,6,1665776507,1670802395,4,1661923750,1671411419,5,1669011779,1670802755
161,7987.585439363027,15502.120061205944,8043.149967731432,1,7987.585439363027,15502.120061205944,1,1.9407767439721015,1.8076534240088822,5,1625605146.0,-50.99989519913749,1.0,3,1,1662071918,1662071918,1,1665608303,1665608303,1,1662071827,1662071827,1,1665608351,1665608351
162,114907.71843576783,236605.60102537984,80034.70955989366,2,115167.5758005277,186828.14730158608,3,2.05909232422572,2.662498961914526,6,1609507964.0,-50.4894569063927,1.0,3,2,1668081179,1668165839,3,1668184931,1669392419,3,1668081179,1669392419,1,1669392419,1669392419
163,1675591.8197025538,2982253.8658204367,692968.9785338973,18,983483.1310372883,1288425.7331618895,9,1.7798212134682287,1.4821656700752284,68,1649026137.0,-51.742569951801116,1.0,3,18,1665358451,1673275439,9,1666044239,1672232939,22,1665358451,1673275331,17,1666044503,1672991591
164,215055.93213650995,414319.7560559302,140486.2992594363,6,129478.13018487548,239279.53825716226,3,1.9265674373164214,2.545488393873944,17,1651685542.0,-51.8268991311517,1.0,3,6,1667327135,1674673367,3,1668085595,1674134951,6,1667327063,1671042599,1,1668535247,1668535247
165,0.0,0.0,0.0,0,0.0,0.0,0,0.0,1.0,0,1617198145.0,-50.73331094622019,0.0,0,0,0,0,0,0,0,0,0,0,0,0,0
166,0.0,0.0,0.0,0,0.0,0.0,0,0.0,1.0,0,1649307297.0,-51.75148547691527,0.0,0,0,0,0,0,0,0,0,0,0,0,0,0
167,20023.02298572479,47174.69731763118,20023.09707391329,1,20023.02298572479,47174.69731763118,1,2.3560227319952585,1.0,12,1492596797.0,-46.78222812024353,0.0,0,1,1667891891,1667891891,1,1667895215,1667895215,1,1667891819,1667891819,1,1668323867,1668323867
168,4999.870962225911,11833.239000191497,5031.312024773497,1,4999.870962225911,11833.239000191497,1,2.366708879007432,2.3887441072113047,5,1614830735.0,-50.658240867579906,1.0,3,1,1665275543,1665275543,1,1670520023,1670520023,2,1665274403,1665275543,1,1670524763,1670524763
169,0.0,0.0,0.0,0,0.0,0.0,0,0.0,1.0,0,1647495198.0,-51.694024194571284,0.0,0,0,0,0,0,0,0,0,0,0,0,0,0
170,250261.48106262958,565714.6784408297,248722.77846345442,1,250261.48106262958,405322.3194754763,1,2.2604944078439937,2.22382281448488,6,1609375807.0,-50.4852662354135,1.0,3,1,1664665967,1664665967,1,1668038627,1668038627,3,1664665967,1665463175,3,1668038747,1668115571
171,0.0,0.0,0.0,0,0.0,0.0,0,0.0,1.0,0,1630415396.0,-51.1524272260274,0.0,0,0,0,0,0,0,0,0,0,0,0,0,0
172,6058090.745687353,10088046.40255364,6070066.703139134,16,4501508.541402741,7014717.472052846,8,1.66521876710664,1.9733961138036848,56,1653093409.0,-51.87154230086251,1.0,3,16,1663016277,1666058135,8,1663205541,1668115187,25,1663016231,1665270659,12,1663205598,1668115187
173,221.7221561031724,592.7829693028848,221.72423634308635,1,221.7221561031724,592.7829693028848,1,2.6735396214848697,1.0,4,1669596743.0,-52.3948595890411,0.0,0,1,1672277543,1672277543,1,1672286855,1672286855,1,1672277387,1672277387,1,1672286927,1672286927
174,62291.74936108372,70303.10095137262,62387.67062766703,20,48810.114862792834,61583.89411531952,13,1.128610155798481,1.2498104476228582,42,1666843811.0,-52.30756468797565,0.2,0,20,1667184443,1667891867,13,1667187611,1667893427,19,1667184443,1667880071,12,1667643155,1667893427
175,0.0,0.0,0.0,0,0.0,0.0,0,0.0,1.0,0,1597902711.0,-50.12145674784374,0.0,0,0,0,0,0,0,0,0,0,0,0,0,0
176,72871.17276246457,188028.76443165887,73005.32179061128,2,72871.17276246456,188028.76443165887,1,2.5802900832208255,2.614280992732129,6,1629388228.0,-51.119855942415015,0.0,0,2,1664193215,1664193419,1,1664435123,1664435123,2,1664193011,1664193215,1,1664435459,1664435459
177,99388.8601071052,193772.39552621692,84329.89659070205,61,39619.32092918487,60126.34107497209,35,1.9496389768169236,1.9955167201162656,198,1638584334.0,-51.41146255073567,1.0,3,61,1664849363,1674348551,35,1666826795,1674608219,105,1661884763,1674105275,96,1661894333,1674088295
178,2503.6212560704057,4150.2999643685325,2505.4890452091913,2,2503.6212560704057,4150.2999643685325,1,1.657718776075058,1.7470646647318098,8,1648766542.0,-51.734338248351094,0.5,1,2,1669661615,1669661915,1,1671294395,1671294395,3,1669661435,1669661831,1,1671294431,1671294431
179,1001.763582250903,1442.0089211715006,0.0,2,1001.763582250903,1442.0089211715008,0,1.4394702969051765,1.6174204637015206,5,1634089372.0,-51.26892824074074,1.0,3,2,1669490063,1669490423,0,0,0,2,1669489931,1669490327,0,0,0
180,99.97488254886147,130.89971200033375,0.0,1,99.97488254886147,130.89971200033375,0,1.3093259893189488,1.4614342843538222,3,1674089891.0,-52.537336377473366,1.0,3,1,1674090047,1674090047,0,0,0,1,1674089975,1674089975,0,0,0
181,100.08602220438436,0.0,100.08602220438436,1,100.08602220438436,0.0,1,0.0,1.0,8,1598032070.0,-50.12555869482496,0.0,0,1,1674851231,1674851231,1,1674851279,1674851279,0,0,0,0,0,0
182,3000.013428548542,6457.045386867024,3004.798710143598,1,3000.013428548542,6457.045386867024,1,2.1523388280268643,2.1464370756557267,3,1625201206.0,-50.98708634576357,1.0,3,1,1664112767,1664112767,1,1666311431,1666311431,1,1664112767,1664112767,1,1666311431,1666311431
183,749.5047539208925,11504.231151275231,750.6959918552025,1,749.5047539208925,1135.8283783757392,1,15.349110317303552,1.548087295549256,7,1603212232.0,-50.28982055428716,0.0,0,1,1669244783,1669244783,1,1669397855,1669397855,2,1669244639,1672022519,2,1669397903,1672022651
184,96011.29758184684,343461.859765968,96754.17444630578,1,96011.29758184684,273690.34313163825,4,3.5773067171931174,3.179246725432778,13,1663098871.0,-52.188813419583965,1.0,3,1,1663100174,1663100174,4,1667486663,1674310751,5,1663100174,1667991407,10,1664485547,1674310751
185,0.0,0.0,0.0,0,0.0,0.0,0,0.0,1.0,0,1625517699.0,-50.99712227295789,0.0,0,0,0,0,0,0,0,0,0,0,0,0,0
186,300.3108498924227,508.3014074394166,300.5666071506252,2,300.3051113628158,440.0456682098837,2,1.6925842260494426,1.5802524562691405,9,1587838257.0,-49.80231500507357,1.0,3,2,1673750279,1674309323,2,1674664295,1674808535,2,1673750015,1674122951,2,1674219371,1674808583
187,1298.845479802545,1821.3497259497879,1301.8665419377614,4,1299.0524042097363,1679.9974389751103,3,1.4022836082292682,1.7518286199971667,18,1617444727.0,-50.74113001014713,1.0,3,4,1669844411,1671357347,3,1671586427,1671586799,8,1669844303,1671526643,3,1671586427,1671586799
188,74508.75919647714,196724.06330984514,44.731225454865864,19,74525.44636183225,157623.98981451438,4,2.6402810277794355,2.7614765881227994,96,1642346033.0,-51.5307452435312,1.0,3,19,1666369019,1671285755,4,1666934939,1671442019,61,1666368887,1674872171,3,1668076115,1673766143
189,1999.5448731662912,4254.398685661126,2009.3594616980313,1,2003.5629343900694,3052.683536412378,3,2.127683525763671,2.0465101157471266,9,1666211339.0,-52.28750913242009,1.0,3,1,1666807583,1666807583,3,1668525515,1668807119,2,1666807583,1668019751,4,1668465779,1668807119
190,3213.4205110381827,6169.309560114809,4725.9887223689775,4,3215.8018552183216,4992.543934678036,1,1.9198575284258848,1.537227425998906,10,1600794060.0,-50.2131408231862,1.0,3,4,1669702391,1670453411,1,1671759263,1671759263,4,1669701995,1670458463,2,1670449019,1671759263
191,99.97317399932018,133.58463738431197,99.97317399932018,1,99.97317399932018,133.58463738431197,1,1.3362048241583322,1.0,4,1666690103.0,-52.30269063926941,0.0,0,1,1667343863,1667343863,1,1667344127,1667344127,1,1667343863,1667343863,1,1667344343,1667344343
192,0.0,0.0,0.0,0,0.0,0.0,0,0.0,1.0,0,1670257379.0,-52.41580821917808,0.0,0,0,0,0,0,0,0,0,0,0,0,0,0
193,12000.053714194168,26355.28729333479,12092.126298795487,1,12000.053714194168,26355.28729333479,1,2.196264110231494,2.231470859135897,4,1598625047.0,-50.14436187214612,1.0,3,1,1664140955,1664140955,1,1669662587,1669662587,1,1664140955,1664140955,1,1669662695,1669662695
194,250.05778423764252,788.7853750046156,250.05778423764252,1,250.05778423764252,788.7853750046156,1,3.1544123987557735,1.0,6,1587089887.0,-49.77858434804668,0.0,0,1,1673936147,1673936147,1,1673936207,1673936207,1,1673936111,1673936111,1,1673936291,1673936291
195,1749988.752657641,2682337.411578456,1749990.6192056444,1,1749988.752657641,2682337.411578456,1,1.5327740864076371,1.0,4,1623864487.0,-50.944699264332826,0.0,0,1,1668345227,1668345227,1,1668346319,1668346319,1,1668345227,1668345227,1,1668346379,1668346379
196,0.0,0.0,0.0,0,0.0,0.0,0,0.0,1.0,0,1637914279.0,-51.39021524606799,0.0,0,0,0,0,0,0,0,0,0,0,0,0,0
197,1059.8774504417213,1330.0851953115257,1059.877650483635,1,1059.8774504417213,1330.0851953115257,1,1.2549424414654646,1.0,6,1631785822.0,-51.19588314941654,0.0,0,1,1664338811,1664338811,1,1664338967,1664338967,1,1664338739,1664338739,1,1664339039,1664339039
198,0.0,0.0,0.0,0,0.0,0.0,0,0.0,1.0,0,1648070340.0,-51.71226182775241,0.0,0,0,0,0,0,0,0,0,0,0,0,0,0
199,4202.039063806111,6946.900251558582,4210.694468348974,4,4199.627909483284,7706.607846474486,1,1.6532212447511705,2.0675945419275483,12,1673197727.0,-52.50904604261796,1.0,3,4,1673199923,1673637095,1,1674462155,1674462155,5,1673197763,1673637011,1,1674462191,1674462191
200,750.7844431878888,1328.9256376245123,249.9082517530484,1,750.7844431878888,1328.9256376245123,1,1.7700495124563203,1.8919680415439948,3,1664618915.0,-52.237013698630136,1.0,3,1,1664620379,1664620379,1,1667984807,1667984807,1,1664620379,1664620379,0,0,0
201,0.0,0.0,0.0,0,0.0,0.0,0,0.0,1.0,0,1657763652.0,-52.01963473490614,0.0,0,0,0,0,0,0,0,0,0,0,0,0,0
202,0.0,0.0,0.0,0,0.0,0.0,0,0.0,1.0,0,1658799122.0,-52.05246927321157,0.0,0,0,0,0,0,0,0,0,0,0,0,0,0
203,2301.1224900857565,2983.2673341909,0.0,1,2301.1224900857565,2983.2673341909,0,1.2964400404776895,1.505850058452126,2,1658268123.0,-52.035631405377984,1.0,3,1,1669826615,1669826615,0,0,0,1,1669826615,1669826615,0,0,0
204,1503.1373313322265,3837.322447718842,0.0,2,1503.1373313322265,3837.322447718842,0,2.5528754876427913,3.539726301029202,3,1639967385.0,-51.455318810248606,1.0,3,2,1669075415,1669078271,0,0,0,2,1669075415,1669078271,0,0,0
205,0.0,0.0,0.0,0,0.0,0.0,0,0.0,1.0,0,1616696437.0,-50.717401889903606,0.0,0,0,0,0,0,0,0,0,0,0,0,0,0
206,260722.0499762383,243691.5246702677,186162.908442395,11,91513.10404501675,177537.76039925416,8,0.9346793824783032,2.705447548052474,30,1615556073.0,-50.68124118467783,1.0,3,11,1668193019,1674686603,8,1668422255,1674687935,9,1668192983,1671361859,3,1668422255,1671890411
207,135.0530606682735,164.40259863165917,135.0530606682735,1,135.0530606682735,164.40259863165917,1,1.2173185695915179,1.0,6,1667583515.0,-52.33102054794521,0.0,0,1,1667673539,1667673539,1,1667681195,1667681195,2,1667672783,1667673227,1,1667682407,1667682407
208,106.52146128616758,121.7660136404449,106.52147929495229,1,106.52146128616758,121.7660136404449,1,1.143112497427379,1.0,8,1668535331.0,-52.36120243531202,0.0,0,1,1669837355,1669837355,1,1669837511,1669837511,2,1669836695,1669837295,1,1669837595,1669837595
209,8492161.145571869,20936391.815943435,8503639.785259295,7,4496697.005510639,10644902.19916145,5,2.4653785364000607,2.7673037119348027,23,1638770272.0,-51.417358606037546,1.0,3,7,1666283087,1670429075,5,1668010883,1670955803,7,1666282967,1670428979,3,1668010967,1670955911
210,55031.83479982587,82520.36055434377,0.0,4,55020.07419524749,105246.64678771711,0,1.4995022581839281,2.233844576692093,5,1533472712.0,-48.078394882039575,1.0,3,4,1672330091,1674224519,0,0,0,1,1672310867,1672310867,0,0,0
211,0.0,0.0,0.0,0,0.0,0.0,0,0.0,1.0,0,1612675374.0,-50.58989481861999,0.0,0,0,0,0,0,0,0,0,0,0,0,0,0
212,12265.14507833024,20994.413414844614,5756.23223114211,13,8705.036143476358,11092.524077652377,6,1.7117134188601675,1.7666879131660482,44,1664206607.0,-52.2239394977169,1.0,3,13,1664211191,1674607583,6,1667444783,1673486159,22,1664211191,1673484803,6,1665895487,1673485163
213,15134582.484257253,15056657.494933762,6009427.738399872,21,10127831.230253292,15224834.314329512,9,0.9948511966283479,1.518529538675277,68,1623199943.0,-50.92362671232877,1.0,3,21,1663225463,1673972759,9,1663288439,1674824435,36,1663225139,1674824531,1,1674824615,1674824615
214,549890.4947802065,824040.0983503489,552015.3845487729,2,550093.9299974112,846225.8982813235,3,1.4985530867918004,1.5507591672140038,19,1658173763.0,-52.032639269406395,1.0,3,2,1667220335,1667662163,3,1667923115,1669127951,1,1667220263,1667220263,1,1669127999,1669127999
215,1275113.769383365,1907221.0271603714,790981.7496600365,8,1201381.3791434874,2213279.549152196,2,1.4957261641701889,1.9648706338255026,13,1664482715.0,-52.232694824961946,1.0,3,8,1664483543,1668140987,2,1668035735,1668038795,3,1664483543,1667882207,2,1668035735,1668113543
216,1000.7480243833322,1697.377246361902,1000.7480243833322,1,1000.7480243833322,1697.377246361902,1,1.6961085158352798,1.0,6,1598511500.0,-50.14076132039574,0.0,0,1,1661479925,1661479925,1,1661487444,1661487444,1,1661479775,1661479775,1,1661487856,1661487856
217,400.2841635717306,1258.9639386099905,0.0,1,400.2841635717306,861.1582467737899,0,3.1451754857755825,3.287490110179156,3,1608633234.0,-50.46171940005073,1.0,3,1,1671112451,1671112451,0,0,0,2,1671112403,1671112643,0,0,0
218,2197.8567996043685,5184.875827005978,494.58921319738835,1,2197.8567996043685,5184.875827005978,1,2.3590598932283924,2.060097601411238,4,1501486746.0,-47.06412655377981,1.0,3,1,1662452074,1662452074,1,1668615587,1668615587,1,1662451975,1662451975,0,0,0
219,0.0,0.0,0.0,0,0.0,0.0,0,0.0,1.0,0,1513455831.0,-47.443663749365804,0.0,0,0,0,0,0,0,0,0,0,0,0,0,0
220,100.07480243833322,169.73772463619022,100.07485948097062,1,100.07480243833322,169.73772463619022,1,1.69610851583528,1.0,5,1610990677.0,-50.536473427194316,0.0,0,1,1661528806,1661528806,1,1661529246,1661529246,1,1661528741,1661528741,1,1661529357,1661529357
221,749.4044182046202,3217.249463536618,750.742920369503,1,750.6551857931348,3196.8591188616565,1,4.293075121233363,2.58672856591387,6,1648662222.0,-51.73103028285134,0.0,0,1,1665505727,1665505727,1,1665600263,1665600263,2,1665505727,1665599375,2,1665600083,1665600311
222,215100.0600710466,286051.3472860587,215265.87027250574,2,215087.85490783153,287680.8399266659,2,1.3298524751298404,3.7272883925824245,12,1672322303.0,-52.48128652968037,1.0,3,2,1672329083,1672498031,2,1672499363,1674315851,4,1672328711,1672497743,2,1672499471,1674315491
223,10000.272481233633,17824.645555459036,0.0,2,10003.649853681361,13172.672020108384,0,1.7824159880551764,1.8606561293444719,5,1670940371.0,-52.43746575342466,1.0,3,2,1674074651,1674238811,0,0,0,2,1674074543,1674238931,0,0,0
224,1403167.9788180783,2184866.444856054,1403728.8629605877,2,1401112.9927426518,2492791.9442298636,2,1.5570954282297826,1.7718816491178428,6,1639075335.0,-51.42703209030949,1.0,3,2,1661635342,1662817184,2,1663632131,1663853147,1,1661635342,1661635342,1,1663853231,1663853231
225,97749.64884718863,245671.8211244821,97691.631548443,3,97714.12643544193,228000.45028112468,2,2.5132757408524222,2.6413713174542313,12,1638823796.0,-51.419055840943685,1.0,3,3,1666968911,1668007007,2,1668085019,1668354167,4,1666968791,1668015755,1,1668354239,1668354239
226,399.97719511548684,1192.2578642651035,400.6147057935242,1,399.97719511548684,1192.2578642651035,1,2.9808146034947285,2.9247869344106467,5,1662832376.0,-52.18036291856925,1.0,3,1,1665437615,1665437615,1,1666257923,1666257923,1,1665436943,1665436943,1,1666258043,1666258043
227,7397.774276287037,11836.387396811378,0.0,2,7398.6357706974695,11989.360051155712,0,1.599993045847851,2.1888499221284845,5,1623666665.0,-50.938426369863016,1.0,3,2,1671435719,1672245803,0,0,0,2,1671435479,1672245575,0,0,0
228,0.0,0.0,0.0,0,0.0,0.0,0,0.0,1.0,0,1591243746.0,-49.910302352866566,0.0,0,0,0,0,0,0,0,0,0,0,0,0,0
229,1009834.5841996431,2740636.073506745,910.109601237966,8,1010850.0137059992,1909513.9137023545,2,2.7139455475065453,2.2561558350722097,37,1554590380.0,-48.74803174150178,1.0,3,8,1663412903,1671016895,2,1673852579,1674197123,17,1663406291,1673853107,7,1668254855,1674190643
230,0.0,0.0,0.0,0,0.0,0.0,0,0.0,1.0,0,1651948588.0,-51.83524026509386,0.0,0,0,0,0,0,0,0,0,0,0,0,0,0
231,9631.022786552083,14829.563202175408,0.0,4,9619.692153448324,18258.005858337438,0,1.539770337048949,2.0368480694128457,11,1617669962.0,-50.7482721651446,1.0,3,4,1669578071,1673896547,0,0,0,6,1669577975,1673896751,0,0,0
232,2002.1549770982133,4595.647254479009,2004.688625926478,2,1501.3096850148263,3068.0077326822106,3,2.2953504134528218,2.6623626990537472,11,1651432911.0,-51.81888825469305,1.0,3,2,1661476269,1665113975,3,1662134286,1667401595,3,1661476180,1665113975,2,1662134286,1667406371
233,0.0,0.0,0.0,0,0.0,0.0,0,0.0,1.0,0,1524986537.0,-47.80930003805175,0.0,0,0,0,0,0,0,0,0,0,0,0,0,0
234,799927.0984658477,1879561.2121955878,0.0,1,801372.2687975081,2284366.564604363,0,2.349665633031226,2.7062936434380838,5,1659575857.0,-52.07709937848808,1.0,3,1,1663791827,1663791827,0,0,0,1,1663791827,1663791827,0,0,0
235,46001.38880713555,127802.60509537015,20405.125133485282,2,34800.12653358389,90722.66261761225,2,2.778233623145437,3.2142259999884213,8,1599923161.0,-50.18552479705733,1.0,3,2,1663315055,1667786903,2,1663548107,1667962235,3,1663315055,1668500075,2,1667621327,1668500075
236,6201.460746388638,6040.044199450381,2000.4712085124638,4,4701.10734000429,3438.7931230754484,2,0.9739712055692271,0.94759585243308,14,1610306732.0,-50.51478567351598,1.0,3,4,1674957971,1675035419,2,1674992879,1674993323,4,1674958475,1675035683,2,1674992495,1674993155
237,300.3633666992528,1198.4602273066316,0.0,1,300.3633666992528,722.7927558286135,0,3.990034605340615,5.343978179621641,8,1521576704.0,-47.70117494292237,1.0,3,1,1673379503,1673379503,0,0,0,6,1673376791,1673380451,0,0,0
238,300.36748428679726,804.5790592116161,300.4054741522716,3,300.2555007962386,519.7812155503048,2,2.6786489926565653,3.335617920600117,17,1670158343.0,-52.412667808219176,0.6666666666666666,2,3,1670159135,1673512835,2,1673659571,1674246647,6,1670158871,1674392951,2,1674245879,1674246935
239,0.0,0.0,0.0,0,0.0,0.0,0,0.0,1.0,0,1528224492.0,-47.91197491755454,0.0,0,0,0,0,0,0,0,0,0,0,0,0,0
240,130.21458141794346,231.8657665649235,0.0,2,130.12709421868672,228.33371346808434,0,1.7806436425173853,1.878938503943745,7,1660542262.0,-52.10774388001015,1.0,3,2,1663907639,1664161187,0,0,0,2,1663907267,1664161115,0,0,0
241,100.00770371590274,304.95089222092145,100.4963898286162,1,100.00770371590274,151.74183255481495,2,3.0492740148020183,3.1754548111117655,8,1618993465.0,-50.790240169964484,1.0,3,1,1666964411,1666964411,2,1668237815,1670553215,2,1666964363,1667466587,2,1668237851,1670553251
242,0.0,0.0,0.0,0,0.0,0.0,0,0.0,1.0,0,1665583643.0,-52.26760502283105,0.0,0,0,0,0,0,0,0,0,0,0,0,0,0
243,100127.61981496411,244352.6556090875,0.0,1,100127.61981496411,244352.6556090875,0,2.440412106675973,2.431112479387861,3,1602398281.0,-50.264010337392186,1.0,3,1,1674454907,1674454907,0,0,0,1,1674454907,1674454907,0,0,0
244,929943.108612424,2021787.2372770652,9986.856099739547,1,929943.108612424,2021787.2372770652,1,2.1740977685116576,2.098672549610094,8,1660646630.0,-52.111053367579906,1.0,3,1,1663241255,1663241255,1,1668540107,1668540107,1,1663241255,1663241255,0,0,0
245,267.96742432429994,320.72407179941865,267.96742432429994,2,167.96844876852418,204.21645543204914,2,1.1968770928337598,1.0,9,1667374919.0,-52.32440601217656,0.0,0,2,1669930307,1669942559,2,1669930487,1669942715,2,1669929983,1669942499,2,1669942427,1670049611
246,300.38056067317245,331.5776486780331,200.2537071154483,3,200.2537071154483,331.57764865969244,2,1.1038585450900882,3.3115756350870904,7,1643851904.0,-51.578496099695585,0.0,0,3,1663981271,1663981619,2,1663981451,1663981475,2,1663980419,1663981031,0,0,0
247,2700.451353230235,5167.245677635142,2703.823952174516,3,2700.451353230235,5151.74400771141,1,1.9134748239231079,1.8779231188713867,9,1646372677.0,-51.65842928716388,0.3333333333333333,1,3,1667638019,1667640011,1,1667886983,1667886983,4,1667637875,1667640227,1,1667887067,1667887067
248,205611.7180110151,494015.15055366524,100056.08780478845,4,205717.20071888735,453869.50081671175,1,2.402660487118734,2.493043644443701,9,1656055403.0,-51.96546651445966,1.0,3,4,1667189831,1668945071,1,1672298267,1672298267,5,1667189831,1668945071,1,1672298267,1672298267
249,69996.09291333568,125287.19987529278,69997.39139785604,1,69996.09291333568,125287.19987529278,1,1.789917046233062,1.0,9,1507723762.0,-47.26190103373922,0.0,0,1,1663842551,1663842551,1,1663856627,1663856627,1,1663842407,1663842407,1,1663856747,1663856747
250,99.97488254886147,130.89971200033375,0.0,1,99.97488254886147,130.89971200033375,0,1.3093259893189488,1.4614342843538222,3,1674089531.0,-52.53732496194825,1.0,3,1,1674089819,1674089819,0,0,0,1,1674089627,1674089627,0,0,0
251,85043.03095714173,195194.55530618154,46050.21225209271,3,80976.41045749286,198283.14023729984,2,2.2952445733566544,2.8332474738310602,9,1651497366.0,-51.82093210933536,1.0,3,3,1663548407,1674362351,2,1668393215,1673743403,2,1663547723,1663635863,1,1673743511,1673743511
252,2439.0912432411333,1416.6558541313393,1141.5061251837255,3,1298.9726664007687,1571.195117149683,1,0.5808129802675389,1.3573961436586357,8,1623959598.0,-50.94771521435819,0.6666666666666666,2,3,1673578403,1675019231,1,1674612203,1674612203,2,1673578115,1673580455,0,0,0
253,53055.42371777662,147482.63670339997,0.0,1,53055.42371777662,147482.63670339997,0,2.779784353206189,3.331016289181429,2,1673751611.0,-52.526609589041094,1.0,3,1,1673774291,1673774291,0,0,0,1,1673773571,1673773571,0,0,0
254,700262.8182490707,1276788.6514264853,703343.2258626572,1,700262.8182490707,1276788.6514264853,2,1.8232992215964763,2.1385092652929867,6,1605625972.0,-50.36635974759005,1.0,3,1,1664813507,1664813507,2,1668040907,1671475403,1,1664813507,1664813507,1,1671475403,1671475403
255,0.0,0.0,0.0,0,0.0,0.0,0,0.0,1.0,0,1637776352.0,-51.38584160958904,0.0,0,0,0,0,0,0,0,0,0,0,0,0,0
256,1180.4526773758396,897.9683708523306,604.2456292584379,4,776.8657230755784,1260.059756751376,2,0.7606983219763838,1.9520602207408682,7,1667635595.0,-52.33267199391172,1.0,3,4,1668273371,1675106675,2,1668273635,1675110011,1,1668273203,1668273203,0,0,0
257,119897.462729269,223058.84995779564,120447.98882708211,4,105153.00399178616,213602.62520585963,2,1.8604134306116822,1.974195251606367,8,1592582687.0,-49.9527598934551,1.0,3,4,1665177851,1668172103,2,1668041927,1669085075,4,1665177851,1668172103,1,1669085111,1669085111
258,289355.39759834495,132407.2069684712,0.0,12,289539.42896840157,171069.62231069859,0,0.45759369988413356,0.6834140347041977,22,1549750569.0,-48.59456234145104,1.0,3,12,1672677755,1674312623,0,0,0,7,1672680563,1673706035,0,0,0
259,100.3886902342166,144.001803176131,100.3886902342166,1,100.3886902342166,144.001803176131,1,1.4344424938721758,1.0,4,1658218810.0,-52.034067700405885,0.0,0,1,1661757477,1661757477,1,1661758128,1661758128,1,1661757477,1661757477,1,1661758191,1661758191
260,499.49396378184764,997.4620208072987,499.87291815190684,1,499.7750951734282,1004.0795074586381,1,1.996945094701759,2.002257446097536,7,1602729860.0,-50.274524638508375,1.0,3,1,1666364231,1666364231,1,1666539995,1666539995,1,1666364147,1666364147,1,1666540043,1666540043
261,135058.67626652255,268383.18854643876,135216.73631353906,3,69961.22579067848,155096.95096030654,3,1.9871599216389166,2.6051016661250546,8,1518289041.0,-47.59692383307966,1.0,3,3,1662820045,1663228571,3,1663190626,1666429307,4,1662820045,1663283063,2,1663190626,1666429307
262,99835.69681663388,217226.4409529879,99835.92609030998,1,99835.69681663388,217226.4409529879,1,2.1758393829009193,1.0,20,1653027788.0,-51.86946147260274,0.0,0,1,1662964341,1662964341,1,1662965860,1662965860,1,1662964281,1662964281,1,1662966143,1662966143
263,80025.95740489414,128772.17799459481,9969.42895841373,7,70066.50407814905,137479.57275059726,2,1.6091301144085968,2.1992719197229307,14,1514114251.0,-47.46454211060375,1.0,3,7,1663184742,1674996311,2,1667993759,1668271955,8,1663184742,1673259947,0,0,0
264,500.3740121916661,1697.377246361902,502.78459914880796,1,500.3740121916661,1697.377246361902,1,3.3922170316705595,2.8769170562586432,3,1581999762.0,-49.617177543125315,1.0,3,1,1661521445,1661521445,1,1666122923,1666122923,1,1661521445,1661521445,1,1666122923,1666122923
265,500.9020954128058,2040.923718523287,502.4067869699243,4,500.8817911254515,1861.5133498223097,1,4.07449626826039,4.02539165437887,12,1668573671.0,-52.36241818873668,1.0,3,4,1668595619,1669423559,1,1672812983,1672812983,7,1668595619,1669424087,1,1672813031,1672813031
266,111987.90709474431,277032.66481556336,33175.734808262205,4,78831.43449434199,255562.54075181342,3,2.473773034986603,4.238467660232254,8,1652395058.0,-51.84939773592085,1.0,3,4,1663079080,1674091631,3,1667941643,1668038315,3,1663079080,1663256015,0,0,0
267,2556.714763760231,3104.9189788829967,1562.2844883887594,7,1555.2131081548803,2180.0926305889184,3,1.214417432438379,1.8301685073845089,23,1609106460.0,-50.47672529807205,1.0,3,7,1664754167,1675061663,3,1668754355,1668755207,7,1664754119,1666923515,4,1668754211,1668755255
268,3002.5550079623863,9719.469186808506,3007.382706273321,1,3002.5550079623863,9719.469186808506,1,3.2370661523381705,3.63514104823935,5,1581487277.0,-49.600926750380516,1.0,3,1,1673498795,1673498795,1,1675053311,1675053311,1,1673498747,1673498747,0,0,0
269,12697054.402077978,22033854.26020295,12715769.265171438,46,6702902.787629076,10291606.046428239,8,1.7353516463312095,1.9874557603702767,105,1653026172.0,-51.8694102295789,1.0,3,46,1662965524,1667425175,8,1663206822,1668114287,55,1662965295,1666487783,22,1663206765,1668114287
270,0.0,0.0,0.0,0,0.0,0.0,0,0.0,1.0,0,1609150926.0,-50.47813530568239,0.0,0,0,0,0,0,0,0,0,0,0,0,0,0
271,0.0,0.0,0.0,0,0.0,0.0,0,0.0,1.0,6,1643834882.0,-51.57795633561644,0.0,0,0,0,0,0,0,0,0,0,0,1,1673673575,1673673575
272,407640.94210725464,741968.0335515889,45065.462289049574,15,362767.11774834245,647134.1936892476,5,1.8201509144691586,1.7846757918097913,36,1621121141.0,-50.857708333333335,1.0,3,15,1664038907,1673414339,5,1664344835,1668401111,27,1664038907,1670783135,4,1666830851,1670448827
273,14833.465460994923,31469.844788324295,14859.198748477775,1,14833.465460994923,31469.844788324295,1,2.1215436723856116,2.1215436723856116,5,1652823946.0,-51.862997685185185,0.0,0,1,1663390331,1663390331,1,1663541063,1663541063,1,1663390247,1663390247,1,1663541159,1663541159
274,23273.32010436427,33432.72639949765,11312.754308194664,3,23273.64613061823,33543.57321070807,1,1.4365258695182157,2.601211760307926,7,1674197075.0,-52.54073515981735,1.0,3,3,1674212279,1674316703,1,1674679595,1674679595,2,1674212039,1674302807,0,0,0
275,100.19715042263817,124.57123119546868,100.19715042263817,1,100.19715042263817,124.57123119546868,1,1.24326121721046,1.0,6,1667306711.0,-52.32224315068493,0.0,0,1,1670143367,1670143367,1,1670143439,1670143439,1,1670143331,1670143331,1,1670143583,1670143583
276,1002.2339989497707,1214.351289892902,0.0,1,1002.2339989497707,1214.351289892902,0,1.2116444774028885,1.5450847588548253,3,1631670192.0,-51.192216546169455,1.0,3,1,1672749563,1672749563,0,0,0,1,1672749479,1672749479,0,0,0
277,86715.17901378633,122767.19004563897,86919.11842638624,14,79757.71256391409,100103.5904154357,4,1.4157520222165596,1.597508376890185,41,1508913853.0,-47.29963857179097,1.0,3,14,1668905483,1671208823,4,1669652843,1671866867,17,1662406670,1671208895,5,1662413537,1671866915
278,0.0,0.0,0.0,0,0.0,0.0,0,0.0,1.0,0,1676820107.0,-52.62391095890411,0.0,0,0,0,0,0,0,0,0,0,0,0,0,0
279,499.5129090009928,1620.273695939368,501.36628058967267,1,499.5129090009928,1620.273695939368,1,3.24370735318904,2.989731986467135,4,1635935112.0,-51.327456272196855,1.0,3,1,1662470106,1662470106,1,1664363555,1664363555,1,1662470011,1662470011,0,0,0
280,8896.959433585238,24950.561333849044,0.0,1,8896.959433585238,16155.697927244413,0,2.8043919408762137,3.248018900408383,3,1671696047.0,-52.46142808219178,1.0,3,1,1671696911,1671696911,0,0,0,2,1671696911,1671697235,0,0,0
281,400.7125868780139,1405.117463079058,401.0193695383048,1,400.7125868780139,1405.117463079058,1,3.5065468594995948,3.595116739206475,3,1633356659.0,-51.24569406392694,1.0,3,1,1668396539,1668396539,1,1671006791,1671006791,1,1668396539,1668396539,1,1671006791,1671006791
282,9857.188239599702,45230.51987696119,10003.215867331855,3,9858.388942809834,42010.27571925322,2,4.588582339865916,3.3914658095860135,15,1663313051.0,-52.19560502283105,1.0,3,3,1671294335,1673516687,2,1673611523,1673702963,6,1671223007,1673543519,2,1671674279,1673703191
283,5001.418504027718,10929.161609036119,5007.60785546281,1,5001.418504027718,10929.161609036119,1,2.1852123752960684,2.24002457530256,5,1670064875.0,-52.40970395738204,1.0,3,1,1672729223,1672729223,1,1673294063,1673294063,1,1672729151,1672729151,1,1673294147,1673294147
284,99.97488254886147,130.89971200033375,0.0,1,99.97488254886147,130.89971200033375,0,1.3093259893189488,1.4614342843538222,3,1674089195.0,-52.537314307458146,1.0,3,1,1674089447,1674089447,0,0,0,1,1674089315,1674089315,0,0,0
285,100124.63448530925,201228.42594672512,100059.29008323445,1,100124.63448530925,201228.42594672512,1,2.009779381279542,1.9774093966072848,3,1662119508.0,-52.15775802257737,0.0,0,1,1662864714,1662864714,1,1663165291,1663165291,1,1662864714,1662864714,1,1663165291,1663165291
286,0.0,0.0,0.0,0,0.0,0.0,0,0.0,1.0,0,1519794835.0,-47.64467224759006,0.0,0,0,0,0,0,0,0,0,0,0,0,0,0
287,100124.63448530925,219486.73887013702,101027.51927140886,1,100124.63448530925,178078.25305019922,1,2.1921352322373884,1.7497131378647612,5,1641507445.0,-51.504153792491124,1.0,3,1,1662901689,1662901689,1,1668724751,1668724751,2,1662901689,1663691171,1,1671222023,1671222023
288,32530.713557918003,34406.62808119912,22241.602882290943,5,20025.37071154483,33539.34183569925,2,1.0576659506697021,3.4501629803224367,8,1594061830.0,-49.99966321029934,1.0,3,5,1663955915,1666937051,2,1664854655,1668028535,7,1663955915,1664854655,0,0,0
289,359.10963400330854,765.3715585760058,359.10963400330854,2,259.19507371482837,315.5143077589213,2,2.13130332941431,1.0,10,1652142238.0,-51.84138086631152,0.0,0,2,1673853035,1673974247,2,1673853167,1673974583,3,1673852687,1673974043,2,1673853263,1673974919
290,0.0,0.0,0.0,0,0.0,0.0,0,0.0,1.0,0,1667511983.0,-52.328752283105025,0.0,0,0,0,0,0,0,0,0,0,0,0,0,0
291,0.0,0.0,0.0,0,0.0,0.0,0,0.0,1.0,0,1658968047.0,-52.05782584982243,0.0,0,0,0,0,0,0,0,0,0,0,0,0,0
292,1000.7480243833322,1697.377246361902,100.07480243833322,2,900.673221944999,1697.377246361902,1,1.6961085158352798,1.8845650175947555,4,1639783841.0,-51.44949866818874,0.0,0,2,1661476484,1661476734,1,1661476670,1661476670,1,1661476484,1661476484,0,0,0
293,9602.330648195722,26433.26177096126,9696.175470025584,9,9641.239124078083,22789.04713436689,1,2.7527964552989093,2.419929934066231,21,1622616483.0,-50.90512531709792,1.0,3,9,1661679997,1668218579,1,1668219347,1668219347,22,1661679997,1668218579,4,1668219347,1668219347
294,0.0,34093.974640280525,0.0,0,0.0,0.0,0,0.0,1.0,4,1611987499.0,-50.568082445459154,0.0,0,0,0,0,0,0,0,1,1674211259,1674211259,0,0,0
295,0.0,0.0,0.0,0,0.0,0.0,0,0.0,1.0,0,1676893655.0,-52.62624315068493,0.0,0,0,0,0,0,0,0,0,0,0,0,0,0
296,108.18120267113972,131.83180878187025,70.19043734069521,1,108.18120267113972,131.83180878187025,1,1.2186202919431952,1.7792338301702084,7,1670337095.0,-52.41833599695586,1.0,3,1,1671057947,1671057947,1,1671058331,1671058331,1,1671057527,1671057527,1,1671059291,1671059291
297,24980.36810879814,49506.89925394826,25013.711553980054,1,24980.36810879814,49506.89925394826,1,1.9818322547661666,2.058645320359718,4,1647293088.0,-51.687615328513445,1.0,3,1,1673702615,1673702615,1,1673985143,1673985143,1,1673702615,1673702615,1,1673985647,1673985647
298,100.0978000050872,0.0,100.0981443415192,1,100.0978000050872,0.0,1,0.0,1.0,3,1674733811.0,-52.55775494672755,0.0,0,1,1674738587,1674738587,1,1674741275,1674741275,0,0,0,0,0,0
299,99.97577077333938,148.01948246462476,100.8123104028428,1,99.97577077333938,148.01948246462476,1,1.4805535513220294,1.4203844201422704,4,1664269307.0,-52.22592770167428,1.0,3,1,1666702571,1666702571,1,1673318927,1673318927,1,1666702571,1666702571,1,1673319047,1673319047
300,99.85917258060493,266.43404494038765,100.02095685502219,1,99.85917258060493,266.43404494038765,1,2.668097862770952,2.668097862770952,6,1609354761.0,-50.4845988711314,0.0,0,1,1664242727,1664242727,1,1664394815,1664394815,2,1664241935,1664242103,1,1664395127,1664395127
301,34985.08527583783,84700.41955211015,0.0,2,34987.15524542677,85369.28386385733,0,2.4210436785931693,2.8360129868249033,4,1545906471.0,-48.47266679350584,1.0,3,2,1664869523,1668006611,0,0,0,1,1664869463,1664869463,0,0,0
302,0.0,0.0,0.0,0,0.0,0.0,0,0.0,1.0,0,1637342697.0,-51.37209049974632,0.0,0,0,0,0,0,0,0,0,0,0,0,0,0
303,1821.3279136469478,1845.3038727924936,681.9792718347998,9,1139.8185128076475,2432.7393442419466,1,1.013163999171098,2.840886295960892,17,1623108148.0,-50.920715911973616,1.0,3,9,1665850055,1674329795,1,1673251283,1673251283,3,1663947047,1668488543,0,0,0
304,8518.110426027362,18782.347541178595,8548.285965815854,2,8515.263153780455,15874.3866868911,1,2.2049899099439383,1.9002927996722507,7,1623353409.0,-50.928493087265345,1.0,3,2,1661617718,1662080763,1,1665610475,1665610475,3,1661617641,1663794659,1,1665610475,1665610475
305,450348.6171549308,893312.2398740154,350345.67586231465,3,398310.88483994926,687592.1882590875,3,1.9836016051686787,5.940290546935825,13,1556281855.0,-48.801668061897516,1.0,3,3,1666767935,1668122939,3,1668071147,1669382531,4,1666767263,1667967119,2,1669382627,1674285731
306,0.0,0.0,0.0,0,0.0,0.0,0,0.0,1.0,0,1676823095.0,-52.62400570776256,0.0,0,0,0,0,0,0,0,0,0,0,0,0,0
307,600355.5513954193,1365255.8263908427,460468.6255509455,2,300373.90345592774,1305370.7683278257,2,2.274078790839111,4.1710900469331,10,1598506623.0,-50.14060667174024,1.0,3,2,1662857128,1663238171,2,1663180863,1668870683,3,1662825133,1663274087,0,0,0
308,1198.8309816023827,4604.813138733328,0.0,1,1198.8309816023827,4686.46027634171,0,3.8410861993059586,3.605400143309506,2,1516612335.0,-47.543755834601725,1.0,3,1,1662442642,1662442642,0,0,0,1,1662369775,1662369775,0,0,0
309,499.2240899601892,1550.2120061205944,0.0,1,499.2240899601892,1550.2120061205944,0,3.1052427903553625,2.947135901787479,2,1610420591.0,-50.51839611872146,1.0,3,1,1661994195,1661994195,0,0,0,1,1661994195,1661994195,0,0,0
310,100.08862251652857,245.04546239751568,100.08862251652857,1,100.08862251652857,245.04546239751568,1,2.448284892291819,1.0,5,1639754486.0,-51.44856782724505,0.0,0,1,1672170515,1672170515,1,1672173995,1672173995,1,1672170383,1672170383,1,1672352279,1672352279
311,99.98020899601813,135.56273140630148,0.0,1,99.98020899601813,135.56273140630148,0,1.355895659426962,1.4609307052461344,5,1674055547.0,-52.53624733637747,1.0,3,1,1674065639,1674065639,0,0,0,3,1674056051,1674065183,0,0,0
312,0.0,0.0,0.0,0,0.0,0.0,0,0.0,1.0,1,1609117856.0,-50.47708666286149,0.0,0,0,0,0,0,0,0,0,0,0,0,0,0
313,0.0,128.79514647265373,0.0,0,0.0,0.0,0,0.0,1.0,1,1645934906.0,-51.64454765981735,0.0,0,0,0,0,0,0,0,1,1674754247,1674754247,0,0,0
314,31465.73837483217,3345.697678153955,29813.206842899002,39,2046.6651145011735,3472.0055087930914,47,0.10632827484607853,3.4497952556169595,88,1642726254.0,-51.54280197234906,1.0,3,39,1663592039,1675025399,47,1663796267,1674981587,2,1663589567,1663591283,0,0,0
315,400.0548188179756,2679.093445446047,399.688653654302,3,300.0410841093703,1359.9478570212991,2,6.696815834794458,7.14479419264084,18,1665848123.0,-52.27599162861492,0.3333333333333333,1,3,1665848327,1665857927,2,1665848555,1666222091,6,1665848279,1665898571,3,1665848831,1666308923
316,400.2992097533329,1697.377246361902,399.8526922848294,1,400.2992097533329,1697.377246361902,1,4.2402712895881995,3.9989301550106333,3,1593643978.0,-49.98641321029934,1.0,3,1,1661489242,1661489242,1,1661654582,1661654582,1,1661489242,1661489242,1,1661654582,1661654582
317,43052.85607308276,76574.43951903273,43131.384976572765,7,18199.95452233246,26372.327301100333,13,1.7786146263803422,1.7731417832773182,35,1637169357.0,-51.36659392440386,1.0,3,7,1662774903,1668092747,13,1662960628,1668393779,10,1662774903,1668093551,16,1662960286,1668393863
318,250212.91733019883,2599030.2273936584,25306.657790248115,1,250212.91733019883,2428309.208151844,1,10.387274386652837,14.383643352799998,19,1603386719.0,-50.29535350076104,1.0,3,1,1673534327,1673534327,1,1675087331,1675087331,8,1669127435,1673202767,3,1669356983,1673248199
319,100.07480243833322,169.73772463619022,100.22402729078823,1,100.07480243833322,169.73772463619022,1,1.69610851583528,1.5978345798995188,4,1623701875.0,-50.939542871638764,1.0,3,1,1661478127,1661478127,1,1663037704,1663037704,1,1661478127,1661478127,1,1663037777,1663037777
320,0.0,0.0,0.0,0,0.0,0.0,0,0.0,1.0,0,1651888013.0,-51.83331944444444,0.0,0,0,0,0,0,0,0,0,0,0,0,0,0
321,0.0,51893.55116785873,0.0,0,0.0,0.0,0,0.0,1.0,2,1597767219.0,-50.11716032470827,0.0,0,0,0,0,0,0,0,1,1671163115,1671163115,1,1671163295,1671163295
322,550.1546887797659,1662.407365101396,69.96986524001063,1,550.1546887797659,1233.263198392601,1,3.0217089829563903,3.3733401124575186,4,1596331842.0,-50.07164481861999,1.0,3,1,1670280923,1670280923,1,1671479639,1671479639,2,1670266739,1672475627,0,0,0
323,142145.28185083473,300377.47925620404,61661.879064415036,11,91209.75651537583,148924.97704584876,11,2.1131723497612533,2.0624354917719394,40,1592947227.0,-49.96431938102486,1.0,3,11,1663398047,1674514655,11,1663555163,1673042027,12,1663398047,1673042027,20,1666849715,1671744059
324,0.0,0.0,0.0,0,0.0,0.0,0,0.0,1.0,0,1599153263.0,-50.16111149162862,0.0,0,0,0,0,0,0,0,0,0,0,0,0,0
325,0.0,7243.2971097899745,0.0,0,0.0,0.0,0,0.0,1.0,7,1643009904.0,-51.55179645484526,0.0,0,0,0,0,0,0,0,1,1673740463,1673740463,0,0,0
326,0.0,0.0,0.0,0,0.0,0.0,0,0.0,1.0,0,1665629459.0,-52.26905783866058,0.0,0,0,0,0,0,0,0,0,0,0,0,0,0
327,0.0,0.0,0.0,0,0.0,0.0,0,0.0,1.0,0,1673250407.0,-52.510716514459666,0.0,0,0,0,0,0,0,0,0,0,0,0,0,0
328,700.6115067402592,1802.2326307452192,703.0172120944524,2,650.5678276873836,1802.2326307452192,3,2.572370869457285,3.8623883675876276,9,1629170594.0,-51.11295481354642,1.0,3,2,1665562991,1665572759,3,1665563147,1669406519,2,1665562835,1665572507,2,1668792563,1669406519
329,184310.93931401626,419195.781334708,185414.6991547178,6,130243.61370715169,225770.40453034596,6,2.2743944710764623,2.437824387873424,43,1535679550.0,-48.14837325596144,1.0,3,6,1662727559,1668524123,6,1662853685,1671917651,21,1662727472,1668946907,9,1662878567,1671917687
330,3998.9038570103794,5400.352651058264,983.6047128161375,6,3013.1936532180925,4816.580355897426,5,1.3504582365967712,2.216325263900759,21,1663408355.0,-52.19862709284627,1.0,3,6,1665175487,1671502595,5,1665591779,1668514415,25,1665175487,1671502823,0,0,0
331,101.07555046271655,174.40115606954288,101.08715813905137,2,101.07555046271655,168.0403473898283,1,1.7254534382563045,1.0,8,1564655163.0,-49.0671839167935,0.0,0,2,1661476543,1661494444,1,1661513692,1661513692,2,1661476543,1661497500,2,1661494025,1663839875
332,24019.452158248525,32745.783055258595,0.0,6,24030.628755591388,40725.44260151459,0,1.3633026615060977,2.0956003604362627,10,1668171803.0,-52.34967503805175,1.0,3,6,1668172607,1674471275,0,0,0,3,1668172235,1671018551,0,0,0
333,200.18428726198576,490.47605048636234,200.82912258053275,2,200.18428726198576,392.30178601123316,1,2.4501226204855184,2.3325420232514635,11,1661089214.0,-52.12508761415525,1.0,3,2,1662260767,1662327607,1,1664660603,1664660603,4,1662260514,1662327742,1,1664660831,1664660831
334,0.0,0.0,0.0,0,0.0,0.0,0,0.0,1.0,1,1651340773.0,-51.81596657787925,0.0,0,0,0,0,0,0,0,0,0,0,0,0,0
335,2569.054300162549,3039.877052078248,358.8339268412881,7,2571.4855668330356,3479.2004336445066,2,1.183266952312339,1.3910124008524078,12,1613625455.0,-50.62002168949772,1.0,3,7,1670410007,1673821031,2,1674086891,1674257435,12,1670410007,1674258095,2,1674257435,1674258095
336,520.0715745983118,804.780810672225,520.0752711070421,1,520.0715745983118,804.780810672225,1,1.5474424098140998,1.0,5,1660222087.0,-52.097591197361744,0.0,0,1,1662204769,1662204769,1,1662210436,1662210436,1,1662204626,1662204626,1,1662210531,1662210531
337,6872.166795149858,15308.361985510614,0.0,3,6867.958628995319,12378.969167352143,0,2.227588829234287,2.3168265215043995,8,1623196906.0,-50.923530409690514,1.0,3,3,1669663499,1672436063,0,0,0,5,1669663499,1672436435,1,1674347015,1674347015
338,99.84481799203783,620.0848024482378,99.84481799203783,1,99.84481799203783,620.0848024482378,1,6.210485580710726,1.0,4,1636580411.0,-51.34791856925418,0.0,0,1,1662040679,1662040679,1,1662041110,1662041110,1,1662040679,1662040679,1,1662042327,1662042327
339,133978.25236184825,202942.5969246527,134199.31870460056,4,81934.33092478456,134412.25426788128,3,1.5147428283849058,1.4942510878414463,8,1664892011.0,-52.245673515981736,1.0,3,4,1664908559,1665658271,3,1665538043,1666678847,3,1664908559,1665658271,3,1665538043,1666678847
340,1000.2837008055436,2817.294992551533,1001.8546276950154,2,1000.2837008055436,2817.294992551533,3,2.8164959503815994,2.899932328622149,8,1641477628.0,-51.503208301623545,1.0,3,2,1672750379,1672751123,3,1673371007,1673376191,2,1672748591,1672751123,1,1673376215,1673376215
341,0.0,0.0,0.0,0,0.0,0.0,0,0.0,1.0,0,1682888447.0,-52.81633675799087,0.0,0,0,0,0,0,0,0,0,0,0,0,0,0
342,0.0,0.0,0.0,0,0.0,0.0,0,0.0,1.0,0,1683539759.0,-52.8369897260274,0.0,0,0,0,0,0,0,0,0,0,0,0,0,0
343,320.03020082476047,423.56130367562463,129.96512619911624,3,190.16951424988656,316.6507531309701,2,1.3235041648695989,2.866450936750576,10,1645557938.0,-51.632594082952814,0.6666666666666666,2,3,1667339351,1667363063,2,1667339507,1667340647,4,1667337263,1667363267,0,0,0
344,10012.761981496413,18382.959598692083,0.0,1,10012.761981496413,18382.959598692083,0,1.8359529201496847,1.8228950811291371,5,1598032785.0,-50.125581367326234,1.0,3,1,1674437591,1674437591,0,0,0,2,1674436211,1674437483,0,0,0
345,10012.685355772415,26550.96467079298,10079.131693606687,1,10012.685355772415,26550.96467079298,1,2.6517326498716027,2.685973056383559,4,1517380257.0,-47.56810648148148,1.0,3,1,1664042831,1664042831,1,1669496003,1669496003,1,1664042831,1664042831,1,1669496591,1669496591
346,0.0,0.0,0.0,0,0.0,0.0,0,0.0,1.0,0,1588694768.0,-49.82947479071537,0.0,0,0,0,0,0,0,0,0,0,0,0,0,0
347,0.0,0.0,0.0,0,0.0,0.0,0,0.0,1.0,0,1677878015.0,-52.65745700152207,0.0,0,0,0,0,0,0,0,0,0,0,0,0,0
348,149.1797802107669,152.67449190070104,150.72534671806656,1,149.1797802107669,152.67449190070104,1,1.0234261753502834,1.115852690526159,5,1510091992.0,-47.33699711440893,1.0,3,1,1668112379,1668112379,1,1668257651,1668257651,1,1668112211,1668112211,1,1668257807,1668257807
349,590931.0788689408,650430.2022208888,498527.7773254129,50,113575.40633985099,135424.9699517123,39,1.1006870775282813,1.0599014046829558,146,1589360772.0,-49.85059363901573,1.0,3,50,1667186351,1674272363,39,1667187683,1674455591,44,1667186291,1674272531,37,1667647487,1674455387
350,43881.42622323439,87154.15658254243,43936.44297184699,3,43836.075870152934,92470.57553393733,1,1.9861286216899656,2.4242046059398534,7,1581865672.0,-49.61292557711821,1.0,3,3,1668686039,1670583971,1,1672229867,1672229867,4,1668686039,1670583971,1,1672229927,1672229927
351,0.0,0.0,0.0,0,0.0,0.0,0,0.0,1.0,0,1676820107.0,-52.62391095890411,0.0,0,0,0,0,0,0,0,0,0,0,0,0,0
352,799.4168641290685,1050.573727433887,800.4646386170921,1,799.4168641290685,1050.573727433887,1,1.314175087585178,1.314175087585178,5,1540239330.0,-48.29296293125317,0.0,0,1,1671570911,1671570911,1,1671609311,1671609311,1,1671570851,1671570851,1,1671609419,1671609419
353,800.4646386170921,1928.2243702459318,800.4646386170921,1,800.4646386170921,1928.2243702459318,1,2.408881388660957,1.0,4,1671625475.0,-52.4591902587519,0.0,0,1,1671625715,1671625715,1,1671626051,1671626051,1,1671625607,1671625607,1,1671626123,1671626123
354,1351.4119977381997,3322.3140940612807,1362.4259862019524,1,1351.4119977381997,3322.3140940612807,1,2.458402100633778,2.4106559120933544,5,1599165335.0,-50.16149429223744,1.0,3,1,1664650775,1664650775,1,1672598843,1672598843,1,1664649347,1664649347,1,1672598891,1672598891
355,100.0873581057513,255.7487295089325,100.0873581057513,1,100.0873581057513,255.7487295089325,1,2.5552550726607346,1.0,4,1665067031.0,-52.251223363774734,0.0,0,1,1665600611,1665600611,1,1665601163,1665601163,1,1665600611,1665600611,1,1665601415,1665601415
356,15289.079219610587,19537.23966817749,15438.383080111194,4,15336.88500428171,25300.60115118808,1,1.2778558726491513,1.6672795045552953,11,1668059231.0,-52.34610540334855,1.0,3,4,1668060143,1673874479,1,1675084391,1675084391,4,1668059867,1673874755,0,0,0
357,0.0,0.0,0.0,0,0.0,0.0,0,0.0,1.0,0,1673667575.0,-52.52394482496195,0.0,0,0,0,0,0,0,0,0,0,0,0,0,0
358,54023.32455018107,92451.43189918014,4217.012564416787,8,50847.29635769239,93683.50604040665,5,1.7113243708891714,1.971670956823118,19,1515361510.0,-47.504092434043635,1.0,3,8,1669084715,1673831999,5,1670041667,1674961175,5,1669084631,1673231339,1,1670471495,1670471495
359,89826.14965765637,254427.31639059389,0.0,1,89826.14965765637,254427.31639059389,0,2.8324415257724196,3.2676353689848257,3,1611546521.0,-50.55409912480974,1.0,3,1,1670918075,1670918075,0,0,0,1,1670917979,1670917979,0,0,0
360,949.7879412653863,1954.4094712442568,0.0,2,949.8248624544049,1751.6795894430318,0,2.0577324540890993,2.57154756865391,10,1670707943.0,-52.430095509893455,1.0,3,2,1671438743,1672217543,0,0,0,4,1671098579,1672217387,1,1671113699,1671113699
361,5404.039331669994,10597.432011945706,5404.831850311468,2,5404.039331669994,10184.263478171411,4,1.9610205184555558,2.394863981834777,11,1616360358.0,-50.70674489472349,0.0,0,2,1661520202,1661520297,4,1661541642,1661673373,3,1661520202,1661673644,2,1662219723,1662219723
362,999.9935729472234,1557.4661391650436,0.0,1,999.9935729472234,1557.4661391650436,0,1.5574761491464526,1.6703887191562137,2,1561999352.0,-48.982968702435315,1.0,3,1,1668325199,1668325199,0,0,0,1,1668324911,1668324911,0,0,0
363,0.0,0.0,0.0,0,0.0,0.0,0,0.0,1.0,0,1660309243.0,-52.100354895991885,0.0,0,0,0,0,0,0,0,0,0,0,0,0,0
364,0.0,0.0,0.0,0,0.0,0.0,0,0.0,1.0,0,1681180343.0,-52.76217313546423,0.0,0,0,0,0,0,0,0,0,0,0,0,0,0
365,2200045.9752311064,4186887.13167033,1425346.9549256072,2,1100113.2661196373,2079502.7251455241,3,1.9030907439243463,1.8376083020363327,14,1659546955.0,-52.07618290208016,1.0,3,2,1663169359,1663233659,3,1663218299,1667973371,3,1663169158,1665655619,3,1663218299,1674583823
366,681484.8370367402,1013282.2999306953,367702.73801591457,7,558535.0498257169,929883.6136145741,4,1.4868743145286847,2.1789616260832845,20,1649096404.0,-51.74479810375444,1.0,3,7,1663183205,1670837207,4,1663635959,1668043595,6,1663183158,1663525967,3,1663255115,1663635959
367,0.0,0.0,0.0,0,0.0,0.0,0,0.0,1.0,0,1627956331.0,-51.07445078640284,0.0,0,0,0,0,0,0,0,0,0,0,0,0,0
368,222498.9652459439,441631.22814100166,222244.88202148915,1,222498.9652459439,418483.89466796815,1,1.9848686831097633,1.8505420601988778,6,1662874936.0,-52.181712487316084,0.0,0,1,1662882364,1662882364,1,1663193695,1663193695,2,1662875475,1663193575,1,1663193786,1663193786
369,2000041.7956646425,4036424.230291868,1011485.2961225756,2,1000102.9691996704,2006826.982553184,2,2.018169939768937,2.1543811397834065,9,1659574726.0,-52.077063514713345,1.0,3,2,1663170976,1663234043,2,1663218089,1667844059,3,1663170976,1667844059,1,1663218089,1663218089
370,415376.8909575946,506721.59615017544,415998.10870739724,7,266613.701457433,560640.9790774734,10,1.219908009282842,2.9606272461218097,23,1492844345.0,-46.79007781582953,1.0,3,7,1668321695,1671594311,10,1669336679,1671739103,2,1668321575,1668492719,4,1671595943,1671739139
371,999.8156446888472,10293.89499341652,1001.1202000457881,1,1000.2707791026113,10000.102885125249,1,10.295793077552897,10.274848928959583,6,1561067780.0,-48.953428748097416,1.0,3,1,1672209107,1672209107,1,1673044907,1673044907,1,1672208915,1672208915,2,1673044595,1673044907
372,99966.17166902144,177961.64325017165,99967.8074324827,3,99966.17166902144,129829.66856329248,3,1.7802186507590374,1.0,11,1663541951.0,-52.20286339421613,0.0,0,3,1671211979,1671212255,3,1671228659,1671228875,4,1671211979,1671212351,4,1671228551,1671228875
373,303.22665138814966,254.60658695428532,303.1407690853669,3,101.07555046271655,169.73772463619022,3,0.8396576811065742,2.375607435040923,11,1654255338.0,-51.90838682775241,0.3333333333333333,1,3,1661504574,1661507308,3,1661506266,1661691604,2,1661504574,1661506767,0,0,0
374,0.0,0.0,0.0,0,0.0,0.0,0,0.0,1.0,0,1677763571.0,-52.65382800608828,0.0,0,0,0,0,0,0,0,0,0,0,0,0,0
375,0.0,0.0,0.0,0,0.0,0.0,0,0.0,1.0,0,1681482431.0,-52.77175228310502,0.0,0,0,0,0,0,0,0,0,0,0,0,0,0
376,94229.7612257784,100898.57205685876,45169.30286027427,10,75419.80330010348,139236.96025596105,6,1.070771810777506,2.209912514630605,21,1664692319.0,-52.239341324200915,1.0,3,10,1669120499,1674741911,6,1670936663,1675061435,7,1669120499,1673857559,0,0,0
377,6999.745773946805,19697.52701318846,3322.9878498444496,1,7008.058045003677,18689.215479748593,1,2.814034630586593,3.1109264262845544,9,1516420501.0,-47.53767281836631,1.0,3,1,1667473979,1667473979,1,1668301991,1668301991,3,1667473919,1668312419,3,1668302099,1670199059
378,45034.83896998117,141769.64507227854,0.0,2,45010.401162775655,77677.80587778479,0,3.1479993781431705,1.7269307025031082,6,1611530522.0,-50.553591799847794,1.0,3,2,1673790959,1673967755,0,0,0,2,1663301339,1673764151,1,1663517399,1663517399
379,392177.23835355346,669020.227458122,393921.75761520705,2,391785.28552473744,655718.3484648621,1,1.705912944531958,1.6683397532976025,4,1512373207.0,-47.40933396752917,1.0,3,2,1663118016,1663382015,1,1666832027,1666832027,1,1663118016,1663118016,1,1666832027,1666832027
380,8070.347979698338,12070.319392269457,8095.078296892763,1,8070.347979698338,12070.319392269457,4,1.4956380347704206,1.6551568129778702,12,1645225543.0,-51.62205390664637,1.0,3,1,1664482883,1664482883,4,1667075387,1671387275,1,1664482823,1664482823,5,1667075195,1671387311
381,449.77718604070566,1023.4697016461585,450.6486936458776,1,449.77718604070566,1023.4697016461585,1,2.2755038125778406,2.277985607003983,4,1674384695.0,-52.54668455098935,1.0,3,1,1674386291,1674386291,1,1674655163,1674655163,1,1674386291,1674386291,0,0,0
382,1361772.2467101153,1819394.1042331755,359073.58582477504,3,1099516.0548966494,1820155.7737854081,2,1.3360487472326021,1.938293895340119,9,1664914499.0,-52.24638660578387,1.0,3,3,1664928227,1673826071,2,1664930771,1667968787,2,1664927327,1664952047,0,0,0
383,0.0,0.0,0.0,0,0.0,0.0,0,0.0,1.0,0,1670247311.0,-52.41548896499239,0.0,0,0,0,0,0,0,0,0,0,0,0,0,0
384,2854.636584592656,5584.264194370702,2878.182860876902,2,2855.2796815115644,5569.374757943121,1,1.9562084450646637,1.9281341111957517,8,1653070691.0,-51.87082191780822,1.0,3,2,1663587299,1663973987,1,1672305911,1672305911,2,1663587191,1663973855,2,1672305971,1672306079
385,2399.53147711077,3683.331689118162,2425.461447405944,2,2398.094138254785,3618.5441898516497,2,1.53502120070256,1.8553511261295625,6,1650236156.0,-51.78093940258752,1.0,3,2,1665442787,1665464447,2,1668013043,1675135391,2,1665442787,1665464447,0,0,0
386,127843.27531446505,157700.39097663885,123895.03016575925,38,41267.527422507745,52262.97431306744,32,1.2335446709162619,1.4568492899963872,140,1664976191.0,-52.24834284627093,0.7894736842105263,3,38,1669631351,1674610223,32,1671223811,1674407147,35,1669586495,1674440315,33,1672780667,1674407207
387,0.0,0.0,0.0,0,0.0,0.0,0,0.0,1.0,0,1509132015.0,-47.306556443429734,0.0,0,0,0,0,0,0,0,0,0,0,0,0,0
388,0.0,0.0,0.0,0,0.0,0.0,0,0.0,1.0,0,1668964199.0,-52.37480175038052,0.0,0,0,0,0,0,0,0,0,0,0,0,0,0
389,104993.57677882207,228563.92773097803,105039.25234504894,2,104993.57677882205,228563.92773097803,1,2.1769324823790646,2.176932482379065,4,1622125610.0,-50.88955983637747,0.0,0,2,1663265459,1663265831,1,1663326479,1663326479,2,1663265459,1663265831,1,1663326479,1663326479
390,5122835.634365873,10971275.342220765,4101595.322760338,5,3600423.659319257,6837975.366819951,2,2.141641099827876,3.610311770261312,10,1609459164.0,-50.48790946854388,1.0,3,5,1662903246,1673693243,2,1663216102,1668986567,4,1662903246,1664242715,1,1663216378,1663216378
391,6506.357000330668,16616.1434828517,6507.049740611295,1,6506.357000330668,9965.198990958368,1,2.5538321186506105,2.353112608896171,6,1600371867.0,-50.1997531709792,1.0,3,1,1674713231,1674713231,1,1675056407,1675056407,2,1674713111,1674800435,1,1675056467,1675056467
392,15506.597546902589,23170.118401409556,12198.296742078717,10,12180.483734308338,14784.22598181923,4,1.4942103405551876,1.6429290876235894,37,1559166406.0,-48.89313657407408,0.2,0,10,1662425582,1674600227,4,1662692874,1662693694,12,1662425333,1674600863,7,1662580147,1674285719
393,0.0,0.0,0.0,0,0.0,0.0,0,0.0,1.0,0,1622619122.0,-50.905208999238965,0.0,0,0,0,0,0,0,0,0,0,0,0,0,0
